preco,manutencao,portas,pessoas,bagageiro,seguranca,aceitabilidade
muitoalto,muitoalto,2,2,pequeno,baixa,inaceitavel
muitoalto,muitoalto,2,2,pequeno,media,inaceitavel
muitoalto,muitoalto,2,2,pequeno,alta,inaceitavel
muitoalto,muitoalto,2,2,medio,baixa,inaceitavel
muitoalto,muitoalto,2,2,medio,media,inaceitavel
muitoalto,muitoalto,2,2,medio,alta,inaceitavel
muitoalto,muitoalto,2,2,grande,baixa,inaceitavel
muitoalto,muitoalto,2,2,grande,media,inaceitavel
muitoalto,muitoalto,2,2,grande,alta,inaceitavel
muitoalto,muitoalto,2,4,pequeno,baixa,inaceitavel
muitoalto,muitoalto,2,4,pequeno,media,inaceitavel
muitoalto,muitoalto,2,4,pequeno,alta,inaceitavel
muitoalto,muitoalto,2,4,medio,baixa,inaceitavel
muitoalto,muitoalto,2,4,medio,media,inaceitavel
muitoalto,muitoalto,2,4,medio,alta,inaceitavel
muitoalto,muitoalto,2,4,grande,baixa,inaceitavel
muitoalto,muitoalto,2,4,grande,media,inaceitavel
muitoalto,muitoalto,2,4,grande,alta,inaceitavel
muitoalto,muitoalto,2,5mais,pequeno,baixa,inaceitavel
muitoalto,muitoalto,2,5mais,pequeno,media,inaceitavel
muitoalto,muitoalto,2,5mais,pequeno,alta,inaceitavel
muitoalto,muitoalto,2,5mais,medio,baixa,inaceitavel
muitoalto,muitoalto,2,5mais,medio,media,inaceitavel
muitoalto,muitoalto,2,5mais,medio,alta,inaceitavel
muitoalto,muitoalto,2,5mais,grande,baixa,inaceitavel
muitoalto,muitoalto,2,5mais,grande,media,inaceitavel
muitoalto,muitoalto,2,5mais,grande,alta,inaceitavel
muitoalto,muitoalto,3,2,pequeno,baixa,inaceitavel
muitoalto,muitoalto,3,2,pequeno,media,inaceitavel
muitoalto,muitoalto,3,2,pequeno,alta,inaceitavel
muitoalto,muitoalto,3,2,medio,baixa,inaceitavel
muitoalto,muitoalto,3,2,medio,media,inaceitavel
muitoalto,muitoalto,3,2,medio,alta,inaceitavel
muitoalto,muitoalto,3,2,grande,baixa,inaceitavel
muitoalto,muitoalto,3,2,grande,media,inaceitavel
muitoalto,muitoalto,3,2,grande,alta,inaceitavel
muitoalto,muitoalto,3,4,pequeno,baixa,inaceitavel
muitoalto,muitoalto,3,4,pequeno,media,inaceitavel
muitoalto,muitoalto,3,4,pequeno,alta,inaceitavel
muitoalto,muitoalto,3,4,medio,baixa,inaceitavel
muitoalto,muitoalto,3,4,medio,media,inaceitavel
muitoalto,muitoalto,3,4,medio,alta,inaceitavel
muitoalto,muitoalto,3,4,grande,baixa,inaceitavel
muitoalto,muitoalto,3,4,grande,media,inaceitavel
muitoalto,muitoalto,3,4,grande,alta,inaceitavel
muitoalto,muitoalto,3,5mais,pequeno,baixa,inaceitavel
muitoalto,muitoalto,3,5mais,pequeno,media,inaceitavel
muitoalto,muitoalto,3,5mais,pequeno,alta,inaceitavel
muitoalto,muitoalto,3,5mais,medio,baixa,inaceitavel
muitoalto,muitoalto,3,5mais,medio,media,inaceitavel
muitoalto,muitoalto,3,5mais,medio,alta,inaceitavel
muitoalto,muitoalto,3,5mais,grande,baixa,inaceitavel
muitoalto,muitoalto,3,5mais,grande,media,inaceitavel
muitoalto,muitoalto,3,5mais,grande,alta,inaceitavel
muitoalto,muitoalto,4,2,pequeno,baixa,inaceitavel
muitoalto,muitoalto,4,2,pequeno,media,inaceitavel
muitoalto,muitoalto,4,2,pequeno,alta,inaceitavel
muitoalto,muitoalto,4,2,medio,baixa,inaceitavel
muitoalto,muitoalto,4,2,medio,media,inaceitavel
muitoalto,muitoalto,4,2,medio,alta,inaceitavel
muitoalto,muitoalto,4,2,grande,baixa,inaceitavel
muitoalto,muitoalto,4,2,grande,media,inaceitavel
muitoalto,muitoalto,4,2,grande,alta,inaceitavel
muitoalto,muitoalto,4,4,pequeno,baixa,inaceitavel
muitoalto,muitoalto,4,4,pequeno,media,inaceitavel
muitoalto,muitoalto,4,4,pequeno,alta,inaceitavel
muitoalto,muitoalto,4,4,medio,baixa,inaceitavel
muitoalto,muitoalto,4,4,medio,media,inaceitavel
muitoalto,muitoalto,4,4,medio,alta,inaceitavel
muitoalto,muitoalto,4,4,grande,baixa,inaceitavel
muitoalto,muitoalto,4,4,grande,media,inaceitavel
muitoalto,muitoalto,4,4,grande,alta,inaceitavel
muitoalto,muitoalto,4,5mais,pequeno,baixa,inaceitavel
muitoalto,muitoalto,4,5mais,pequeno,media,inaceitavel
muitoalto,muitoalto,4,5mais,pequeno,alta,inaceitavel
muitoalto,muitoalto,4,5mais,medio,baixa,inaceitavel
muitoalto,muitoalto,4,5mais,medio,media,inaceitavel
muitoalto,muitoalto,4,5mais,medio,alta,inaceitavel
muitoalto,muitoalto,4,5mais,grande,baixa,inaceitavel
muitoalto,muitoalto,4,5mais,grande,media,inaceitavel
muitoalto,muitoalto,4,5mais,grande,alta,inaceitavel
muitoalto,muitoalto,5mais,2,pequeno,baixa,inaceitavel
muitoalto,muitoalto,5mais,2,pequeno,media,inaceitavel
muitoalto,muitoalto,5mais,2,pequeno,alta,inaceitavel
muitoalto,muitoalto,5mais,2,medio,baixa,inaceitavel
muitoalto,muitoalto,5mais,2,medio,media,inaceitavel
muitoalto,muitoalto,5mais,2,medio,alta,inaceitavel
muitoalto,muitoalto,5mais,2,grande,baixa,inaceitavel
muitoalto,muitoalto,5mais,2,grande,media,inaceitavel
muitoalto,muitoalto,5mais,2,grande,alta,inaceitavel
muitoalto,muitoalto,5mais,4,pequeno,baixa,inaceitavel
muitoalto,muitoalto,5mais,4,pequeno,media,inaceitavel
muitoalto,muitoalto,5mais,4,pequeno,alta,inaceitavel
muitoalto,muitoalto,5mais,4,medio,baixa,inaceitavel
muitoalto,muitoalto,5mais,4,medio,media,inaceitavel
muitoalto,muitoalto,5mais,4,medio,alta,inaceitavel
muitoalto,muitoalto,5mais,4,grande,baixa,inaceitavel
muitoalto,muitoalto,5mais,4,grande,media,inaceitavel
muitoalto,muitoalto,5mais,4,grande,alta,inaceitavel
muitoalto,muitoalto,5mais,5mais,pequeno,baixa,inaceitavel
muitoalto,muitoalto,5mais,5mais,pequeno,media,inaceitavel
muitoalto,muitoalto,5mais,5mais,pequeno,alta,inaceitavel
muitoalto,muitoalto,5mais,5mais,medio,baixa,inaceitavel
muitoalto,muitoalto,5mais,5mais,medio,media,inaceitavel
muitoalto,muitoalto,5mais,5mais,medio,alta,inaceitavel
muitoalto,muitoalto,5mais,5mais,grande,baixa,inaceitavel
muitoalto,muitoalto,5mais,5mais,grande,media,inaceitavel
muitoalto,muitoalto,5mais,5mais,grande,alta,inaceitavel
muitoalto,alto,2,2,pequeno,baixa,inaceitavel
muitoalto,alto,2,2,pequeno,media,inaceitavel
muitoalto,alto,2,2,pequeno,alta,inaceitavel
muitoalto,alto,2,2,medio,baixa,inaceitavel
muitoalto,alto,2,2,medio,media,inaceitavel
muitoalto,alto,2,2,medio,alta,inaceitavel
muitoalto,alto,2,2,grande,baixa,inaceitavel
muitoalto,alto,2,2,grande,media,inaceitavel
muitoalto,alto,2,2,grande,alta,inaceitavel
muitoalto,alto,2,4,pequeno,baixa,inaceitavel
muitoalto,alto,2,4,pequeno,media,inaceitavel
muitoalto,alto,2,4,pequeno,alta,inaceitavel
muitoalto,alto,2,4,medio,baixa,inaceitavel
muitoalto,alto,2,4,medio,media,inaceitavel
muitoalto,alto,2,4,medio,alta,inaceitavel
muitoalto,alto,2,4,grande,baixa,inaceitavel
muitoalto,alto,2,4,grande,media,inaceitavel
muitoalto,alto,2,4,grande,alta,inaceitavel
muitoalto,alto,2,5mais,pequeno,baixa,inaceitavel
muitoalto,alto,2,5mais,pequeno,media,inaceitavel
muitoalto,alto,2,5mais,pequeno,alta,inaceitavel
muitoalto,alto,2,5mais,medio,baixa,inaceitavel
muitoalto,alto,2,5mais,medio,media,inaceitavel
muitoalto,alto,2,5mais,medio,alta,inaceitavel
muitoalto,alto,2,5mais,grande,baixa,inaceitavel
muitoalto,alto,2,5mais,grande,media,inaceitavel
muitoalto,alto,2,5mais,grande,alta,inaceitavel
muitoalto,alto,3,2,pequeno,baixa,inaceitavel
muitoalto,alto,3,2,pequeno,media,inaceitavel
muitoalto,alto,3,2,pequeno,alta,inaceitavel
muitoalto,alto,3,2,medio,baixa,inaceitavel
muitoalto,alto,3,2,medio,media,inaceitavel
muitoalto,alto,3,2,medio,alta,inaceitavel
muitoalto,alto,3,2,grande,baixa,inaceitavel
muitoalto,alto,3,2,grande,media,inaceitavel
muitoalto,alto,3,2,grande,alta,inaceitavel
muitoalto,alto,3,4,pequeno,baixa,inaceitavel
muitoalto,alto,3,4,pequeno,media,inaceitavel
muitoalto,alto,3,4,pequeno,alta,inaceitavel
muitoalto,alto,3,4,medio,baixa,inaceitavel
muitoalto,alto,3,4,medio,media,inaceitavel
muitoalto,alto,3,4,medio,alta,inaceitavel
muitoalto,alto,3,4,grande,baixa,inaceitavel
muitoalto,alto,3,4,grande,media,inaceitavel
muitoalto,alto,3,4,grande,alta,inaceitavel
muitoalto,alto,3,5mais,pequeno,baixa,inaceitavel
muitoalto,alto,3,5mais,pequeno,media,inaceitavel
muitoalto,alto,3,5mais,pequeno,alta,inaceitavel
muitoalto,alto,3,5mais,medio,baixa,inaceitavel
muitoalto,alto,3,5mais,medio,media,inaceitavel
muitoalto,alto,3,5mais,medio,alta,inaceitavel
muitoalto,alto,3,5mais,grande,baixa,inaceitavel
muitoalto,alto,3,5mais,grande,media,inaceitavel
muitoalto,alto,3,5mais,grande,alta,inaceitavel
muitoalto,alto,4,2,pequeno,baixa,inaceitavel
muitoalto,alto,4,2,pequeno,media,inaceitavel
muitoalto,alto,4,2,pequeno,alta,inaceitavel
muitoalto,alto,4,2,medio,baixa,inaceitavel
muitoalto,alto,4,2,medio,media,inaceitavel
muitoalto,alto,4,2,medio,alta,inaceitavel
muitoalto,alto,4,2,grande,baixa,inaceitavel
muitoalto,alto,4,2,grande,media,inaceitavel
muitoalto,alto,4,2,grande,alta,inaceitavel
muitoalto,alto,4,4,pequeno,baixa,inaceitavel
muitoalto,alto,4,4,pequeno,media,inaceitavel
muitoalto,alto,4,4,pequeno,alta,inaceitavel
muitoalto,alto,4,4,medio,baixa,inaceitavel
muitoalto,alto,4,4,medio,media,inaceitavel
muitoalto,alto,4,4,medio,alta,inaceitavel
muitoalto,alto,4,4,grande,baixa,inaceitavel
muitoalto,alto,4,4,grande,media,inaceitavel
muitoalto,alto,4,4,grande,alta,inaceitavel
muitoalto,alto,4,5mais,pequeno,baixa,inaceitavel
muitoalto,alto,4,5mais,pequeno,media,inaceitavel
muitoalto,alto,4,5mais,pequeno,alta,inaceitavel
muitoalto,alto,4,5mais,medio,baixa,inaceitavel
muitoalto,alto,4,5mais,medio,media,inaceitavel
muitoalto,alto,4,5mais,medio,alta,inaceitavel
muitoalto,alto,4,5mais,grande,baixa,inaceitavel
muitoalto,alto,4,5mais,grande,media,inaceitavel
muitoalto,alto,4,5mais,grande,alta,inaceitavel
muitoalto,alto,5mais,2,pequeno,baixa,inaceitavel
muitoalto,alto,5mais,2,pequeno,media,inaceitavel
muitoalto,alto,5mais,2,pequeno,alta,inaceitavel
muitoalto,alto,5mais,2,medio,baixa,inaceitavel
muitoalto,alto,5mais,2,medio,media,inaceitavel
muitoalto,alto,5mais,2,medio,alta,inaceitavel
muitoalto,alto,5mais,2,grande,baixa,inaceitavel
muitoalto,alto,5mais,2,grande,media,inaceitavel
muitoalto,alto,5mais,2,grande,alta,inaceitavel
muitoalto,alto,5mais,4,pequeno,baixa,inaceitavel
muitoalto,alto,5mais,4,pequeno,media,inaceitavel
muitoalto,alto,5mais,4,pequeno,alta,inaceitavel
muitoalto,alto,5mais,4,medio,baixa,inaceitavel
muitoalto,alto,5mais,4,medio,media,inaceitavel
muitoalto,alto,5mais,4,medio,alta,inaceitavel
muitoalto,alto,5mais,4,grande,baixa,inaceitavel
muitoalto,alto,5mais,4,grande,media,inaceitavel
muitoalto,alto,5mais,4,grande,alta,inaceitavel
muitoalto,alto,5mais,5mais,pequeno,baixa,inaceitavel
muitoalto,alto,5mais,5mais,pequeno,media,inaceitavel
muitoalto,alto,5mais,5mais,pequeno,alta,inaceitavel
muitoalto,alto,5mais,5mais,medio,baixa,inaceitavel
muitoalto,alto,5mais,5mais,medio,media,inaceitavel
muitoalto,alto,5mais,5mais,medio,alta,inaceitavel
muitoalto,alto,5mais,5mais,grande,baixa,inaceitavel
muitoalto,alto,5mais,5mais,grande,media,inaceitavel
muitoalto,alto,5mais,5mais,grande,alta,inaceitavel
muitoalto,medio,2,2,pequeno,baixa,inaceitavel
muitoalto,medio,2,2,pequeno,media,inaceitavel
muitoalto,medio,2,2,pequeno,alta,inaceitavel
muitoalto,medio,2,2,medio,baixa,inaceitavel
muitoalto,medio,2,2,medio,media,inaceitavel
muitoalto,medio,2,2,medio,alta,inaceitavel
muitoalto,medio,2,2,grande,baixa,inaceitavel
muitoalto,medio,2,2,grande,media,inaceitavel
muitoalto,medio,2,2,grande,alta,inaceitavel
muitoalto,medio,2,4,pequeno,baixa,inaceitavel
muitoalto,medio,2,4,pequeno,media,inaceitavel
muitoalto,medio,2,4,pequeno,alta,aceitavel
muitoalto,medio,2,4,medio,baixa,inaceitavel
muitoalto,medio,2,4,medio,media,inaceitavel
muitoalto,medio,2,4,medio,alta,aceitavel
muitoalto,medio,2,4,grande,baixa,inaceitavel
muitoalto,medio,2,4,grande,media,aceitavel
muitoalto,medio,2,4,grande,alta,aceitavel
muitoalto,medio,2,5mais,pequeno,baixa,inaceitavel
muitoalto,medio,2,5mais,pequeno,media,inaceitavel
muitoalto,medio,2,5mais,pequeno,alta,inaceitavel
muitoalto,medio,2,5mais,medio,baixa,inaceitavel
muitoalto,medio,2,5mais,medio,media,inaceitavel
muitoalto,medio,2,5mais,medio,alta,aceitavel
muitoalto,medio,2,5mais,grande,baixa,inaceitavel
muitoalto,medio,2,5mais,grande,media,aceitavel
muitoalto,medio,2,5mais,grande,alta,aceitavel
muitoalto,medio,3,2,pequeno,baixa,inaceitavel
muitoalto,medio,3,2,pequeno,media,inaceitavel
muitoalto,medio,3,2,pequeno,alta,inaceitavel
muitoalto,medio,3,2,medio,baixa,inaceitavel
muitoalto,medio,3,2,medio,media,inaceitavel
muitoalto,medio,3,2,medio,alta,inaceitavel
muitoalto,medio,3,2,grande,baixa,inaceitavel
muitoalto,medio,3,2,grande,media,inaceitavel
muitoalto,medio,3,2,grande,alta,inaceitavel
muitoalto,medio,3,4,pequeno,baixa,inaceitavel
muitoalto,medio,3,4,pequeno,media,inaceitavel
muitoalto,medio,3,4,pequeno,alta,aceitavel
muitoalto,medio,3,4,medio,baixa,inaceitavel
muitoalto,medio,3,4,medio,media,inaceitavel
muitoalto,medio,3,4,medio,alta,aceitavel
muitoalto,medio,3,4,grande,baixa,inaceitavel
muitoalto,medio,3,4,grande,media,aceitavel
muitoalto,medio,3,4,grande,alta,aceitavel
muitoalto,medio,3,5mais,pequeno,baixa,inaceitavel
muitoalto,medio,3,5mais,pequeno,media,inaceitavel
muitoalto,medio,3,5mais,pequeno,alta,aceitavel
muitoalto,medio,3,5mais,medio,baixa,inaceitavel
muitoalto,medio,3,5mais,medio,media,aceitavel
muitoalto,medio,3,5mais,medio,alta,aceitavel
muitoalto,medio,3,5mais,grande,baixa,inaceitavel
muitoalto,medio,3,5mais,grande,media,aceitavel
muitoalto,medio,3,5mais,grande,alta,aceitavel
muitoalto,medio,4,2,pequeno,baixa,inaceitavel
muitoalto,medio,4,2,pequeno,media,inaceitavel
muitoalto,medio,4,2,pequeno,alta,inaceitavel
muitoalto,medio,4,2,medio,baixa,inaceitavel
muitoalto,medio,4,2,medio,media,inaceitavel
muitoalto,medio,4,2,medio,alta,inaceitavel
muitoalto,medio,4,2,grande,baixa,inaceitavel
muitoalto,medio,4,2,grande,media,inaceitavel
muitoalto,medio,4,2,grande,alta,inaceitavel
muitoalto,medio,4,4,pequeno,baixa,inaceitavel
muitoalto,medio,4,4,pequeno,media,inaceitavel
muitoalto,medio,4,4,pequeno,alta,aceitavel
muitoalto,medio,4,4,medio,baixa,inaceitavel
muitoalto,medio,4,4,medio,media,aceitavel
muitoalto,medio,4,4,medio,alta,aceitavel
muitoalto,medio,4,4,grande,baixa,inaceitavel
muitoalto,medio,4,4,grande,media,aceitavel
muitoalto,medio,4,4,grande,alta,aceitavel
muitoalto,medio,4,5mais,pequeno,baixa,inaceitavel
muitoalto,medio,4,5mais,pequeno,media,inaceitavel
muitoalto,medio,4,5mais,pequeno,alta,aceitavel
muitoalto,medio,4,5mais,medio,baixa,inaceitavel
muitoalto,medio,4,5mais,medio,media,aceitavel
muitoalto,medio,4,5mais,medio,alta,aceitavel
muitoalto,medio,4,5mais,grande,baixa,inaceitavel
muitoalto,medio,4,5mais,grande,media,aceitavel
muitoalto,medio,4,5mais,grande,alta,aceitavel
muitoalto,medio,5mais,2,pequeno,baixa,inaceitavel
muitoalto,medio,5mais,2,pequeno,media,inaceitavel
muitoalto,medio,5mais,2,pequeno,alta,inaceitavel
muitoalto,medio,5mais,2,medio,baixa,inaceitavel
muitoalto,medio,5mais,2,medio,media,inaceitavel
muitoalto,medio,5mais,2,medio,alta,inaceitavel
muitoalto,medio,5mais,2,grande,baixa,inaceitavel
muitoalto,medio,5mais,2,grande,media,inaceitavel
muitoalto,medio,5mais,2,grande,alta,inaceitavel
muitoalto,medio,5mais,4,pequeno,baixa,inaceitavel
muitoalto,medio,5mais,4,pequeno,media,inaceitavel
muitoalto,medio,5mais,4,pequeno,alta,aceitavel
muitoalto,medio,5mais,4,medio,baixa,inaceitavel
muitoalto,medio,5mais,4,medio,media,aceitavel
muitoalto,medio,5mais,4,medio,alta,aceitavel
muitoalto,medio,5mais,4,grande,baixa,inaceitavel
muitoalto,medio,5mais,4,grande,media,aceitavel
muitoalto,medio,5mais,4,grande,alta,aceitavel
muitoalto,medio,5mais,5mais,pequeno,baixa,inaceitavel
muitoalto,medio,5mais,5mais,pequeno,media,inaceitavel
muitoalto,medio,5mais,5mais,pequeno,alta,aceitavel
muitoalto,medio,5mais,5mais,medio,baixa,inaceitavel
muitoalto,medio,5mais,5mais,medio,media,aceitavel
muitoalto,medio,5mais,5mais,medio,alta,aceitavel
muitoalto,medio,5mais,5mais,grande,baixa,inaceitavel
muitoalto,medio,5mais,5mais,grande,media,aceitavel
muitoalto,medio,5mais,5mais,grande,alta,aceitavel
muitoalto,baixo,2,2,pequeno,baixa,inaceitavel
muitoalto,baixo,2,2,pequeno,media,inaceitavel
muitoalto,baixo,2,2,pequeno,alta,inaceitavel
muitoalto,baixo,2,2,medio,baixa,inaceitavel
muitoalto,baixo,2,2,medio,media,inaceitavel
muitoalto,baixo,2,2,medio,alta,inaceitavel
muitoalto,baixo,2,2,grande,baixa,inaceitavel
muitoalto,baixo,2,2,grande,media,inaceitavel
muitoalto,baixo,2,2,grande,alta,inaceitavel
muitoalto,baixo,2,4,pequeno,baixa,inaceitavel
muitoalto,baixo,2,4,pequeno,media,inaceitavel
muitoalto,baixo,2,4,pequeno,alta,aceitavel
muitoalto,baixo,2,4,medio,baixa,inaceitavel
muitoalto,baixo,2,4,medio,media,inaceitavel
muitoalto,baixo,2,4,medio,alta,aceitavel
muitoalto,baixo,2,4,grande,baixa,inaceitavel
muitoalto,baixo,2,4,grande,media,aceitavel
muitoalto,baixo,2,4,grande,alta,aceitavel
muitoalto,baixo,2,5mais,pequeno,baixa,inaceitavel
muitoalto,baixo,2,5mais,pequeno,media,inaceitavel
muitoalto,baixo,2,5mais,pequeno,alta,inaceitavel
muitoalto,baixo,2,5mais,medio,baixa,inaceitavel
muitoalto,baixo,2,5mais,medio,media,inaceitavel
muitoalto,baixo,2,5mais,medio,alta,aceitavel
muitoalto,baixo,2,5mais,grande,baixa,inaceitavel
muitoalto,baixo,2,5mais,grande,media,aceitavel
muitoalto,baixo,2,5mais,grande,alta,aceitavel
muitoalto,baixo,3,2,pequeno,baixa,inaceitavel
muitoalto,baixo,3,2,pequeno,media,inaceitavel
muitoalto,baixo,3,2,pequeno,alta,inaceitavel
muitoalto,baixo,3,2,medio,baixa,inaceitavel
muitoalto,baixo,3,2,medio,media,inaceitavel
muitoalto,baixo,3,2,medio,alta,inaceitavel
muitoalto,baixo,3,2,grande,baixa,inaceitavel
muitoalto,baixo,3,2,grande,media,inaceitavel
muitoalto,baixo,3,2,grande,alta,inaceitavel
muitoalto,baixo,3,4,pequeno,baixa,inaceitavel
muitoalto,baixo,3,4,pequeno,media,inaceitavel
muitoalto,baixo,3,4,pequeno,alta,aceitavel
muitoalto,baixo,3,4,medio,baixa,inaceitavel
muitoalto,baixo,3,4,medio,media,inaceitavel
muitoalto,baixo,3,4,medio,alta,aceitavel
muitoalto,baixo,3,4,grande,baixa,inaceitavel
muitoalto,baixo,3,4,grande,media,aceitavel
muitoalto,baixo,3,4,grande,alta,aceitavel
muitoalto,baixo,3,5mais,pequeno,baixa,inaceitavel
muitoalto,baixo,3,5mais,pequeno,media,inaceitavel
muitoalto,baixo,3,5mais,pequeno,alta,aceitavel
muitoalto,baixo,3,5mais,medio,baixa,inaceitavel
muitoalto,baixo,3,5mais,medio,media,aceitavel
muitoalto,baixo,3,5mais,medio,alta,aceitavel
muitoalto,baixo,3,5mais,grande,baixa,inaceitavel
muitoalto,baixo,3,5mais,grande,media,aceitavel
muitoalto,baixo,3,5mais,grande,alta,aceitavel
muitoalto,baixo,4,2,pequeno,baixa,inaceitavel
muitoalto,baixo,4,2,pequeno,media,inaceitavel
muitoalto,baixo,4,2,pequeno,alta,inaceitavel
muitoalto,baixo,4,2,medio,baixa,inaceitavel
muitoalto,baixo,4,2,medio,media,inaceitavel
muitoalto,baixo,4,2,medio,alta,inaceitavel
muitoalto,baixo,4,2,grande,baixa,inaceitavel
muitoalto,baixo,4,2,grande,media,inaceitavel
muitoalto,baixo,4,2,grande,alta,inaceitavel
muitoalto,baixo,4,4,pequeno,baixa,inaceitavel
muitoalto,baixo,4,4,pequeno,media,inaceitavel
muitoalto,baixo,4,4,pequeno,alta,aceitavel
muitoalto,baixo,4,4,medio,baixa,inaceitavel
muitoalto,baixo,4,4,medio,media,aceitavel
muitoalto,baixo,4,4,medio,alta,aceitavel
muitoalto,baixo,4,4,grande,baixa,inaceitavel
muitoalto,baixo,4,4,grande,media,aceitavel
muitoalto,baixo,4,4,grande,alta,aceitavel
muitoalto,baixo,4,5mais,pequeno,baixa,inaceitavel
muitoalto,baixo,4,5mais,pequeno,media,inaceitavel
muitoalto,baixo,4,5mais,pequeno,alta,aceitavel
muitoalto,baixo,4,5mais,medio,baixa,inaceitavel
muitoalto,baixo,4,5mais,medio,media,aceitavel
muitoalto,baixo,4,5mais,medio,alta,aceitavel
muitoalto,baixo,4,5mais,grande,baixa,inaceitavel
muitoalto,baixo,4,5mais,grande,media,aceitavel
muitoalto,baixo,4,5mais,grande,alta,aceitavel
muitoalto,baixo,5mais,2,pequeno,baixa,inaceitavel
muitoalto,baixo,5mais,2,pequeno,media,inaceitavel
muitoalto,baixo,5mais,2,pequeno,alta,inaceitavel
muitoalto,baixo,5mais,2,medio,baixa,inaceitavel
muitoalto,baixo,5mais,2,medio,media,inaceitavel
muitoalto,baixo,5mais,2,medio,alta,inaceitavel
muitoalto,baixo,5mais,2,grande,baixa,inaceitavel
muitoalto,baixo,5mais,2,grande,media,inaceitavel
muitoalto,baixo,5mais,2,grande,alta,inaceitavel
muitoalto,baixo,5mais,4,pequeno,baixa,inaceitavel
muitoalto,baixo,5mais,4,pequeno,media,inaceitavel
muitoalto,baixo,5mais,4,pequeno,alta,aceitavel
muitoalto,baixo,5mais,4,medio,baixa,inaceitavel
muitoalto,baixo,5mais,4,medio,media,aceitavel
muitoalto,baixo,5mais,4,medio,alta,aceitavel
muitoalto,baixo,5mais,4,grande,baixa,inaceitavel
muitoalto,baixo,5mais,4,grande,media,aceitavel
muitoalto,baixo,5mais,4,grande,alta,aceitavel
muitoalto,baixo,5mais,5mais,pequeno,baixa,inaceitavel
muitoalto,baixo,5mais,5mais,pequeno,media,inaceitavel
muitoalto,baixo,5mais,5mais,pequeno,alta,aceitavel
muitoalto,baixo,5mais,5mais,medio,baixa,inaceitavel
muitoalto,baixo,5mais,5mais,medio,media,aceitavel
muitoalto,baixo,5mais,5mais,medio,alta,aceitavel
muitoalto,baixo,5mais,5mais,grande,baixa,inaceitavel
muitoalto,baixo,5mais,5mais,grande,media,aceitavel
muitoalto,baixo,5mais,5mais,grande,alta,aceitavel
alto,muitoalto,2,2,pequeno,baixa,inaceitavel
alto,muitoalto,2,2,pequeno,media,inaceitavel
alto,muitoalto,2,2,pequeno,alta,inaceitavel
alto,muitoalto,2,2,medio,baixa,inaceitavel
alto,muitoalto,2,2,medio,media,inaceitavel
alto,muitoalto,2,2,medio,alta,inaceitavel
alto,muitoalto,2,2,grande,baixa,inaceitavel
alto,muitoalto,2,2,grande,media,inaceitavel
alto,muitoalto,2,2,grande,alta,inaceitavel
alto,muitoalto,2,4,pequeno,baixa,inaceitavel
alto,muitoalto,2,4,pequeno,media,inaceitavel
alto,muitoalto,2,4,pequeno,alta,inaceitavel
alto,muitoalto,2,4,medio,baixa,inaceitavel
alto,muitoalto,2,4,medio,media,inaceitavel
alto,muitoalto,2,4,medio,alta,inaceitavel
alto,muitoalto,2,4,grande,baixa,inaceitavel
alto,muitoalto,2,4,grande,media,inaceitavel
alto,muitoalto,2,4,grande,alta,inaceitavel
alto,muitoalto,2,5mais,pequeno,baixa,inaceitavel
alto,muitoalto,2,5mais,pequeno,media,inaceitavel
alto,muitoalto,2,5mais,pequeno,alta,inaceitavel
alto,muitoalto,2,5mais,medio,baixa,inaceitavel
alto,muitoalto,2,5mais,medio,media,inaceitavel
alto,muitoalto,2,5mais,medio,alta,inaceitavel
alto,muitoalto,2,5mais,grande,baixa,inaceitavel
alto,muitoalto,2,5mais,grande,media,inaceitavel
alto,muitoalto,2,5mais,grande,alta,inaceitavel
alto,muitoalto,3,2,pequeno,baixa,inaceitavel
alto,muitoalto,3,2,pequeno,media,inaceitavel
alto,muitoalto,3,2,pequeno,alta,inaceitavel
alto,muitoalto,3,2,medio,baixa,inaceitavel
alto,muitoalto,3,2,medio,media,inaceitavel
alto,muitoalto,3,2,medio,alta,inaceitavel
alto,muitoalto,3,2,grande,baixa,inaceitavel
alto,muitoalto,3,2,grande,media,inaceitavel
alto,muitoalto,3,2,grande,alta,inaceitavel
alto,muitoalto,3,4,pequeno,baixa,inaceitavel
alto,muitoalto,3,4,pequeno,media,inaceitavel
alto,muitoalto,3,4,pequeno,alta,inaceitavel
alto,muitoalto,3,4,medio,baixa,inaceitavel
alto,muitoalto,3,4,medio,media,inaceitavel
alto,muitoalto,3,4,medio,alta,inaceitavel
alto,muitoalto,3,4,grande,baixa,inaceitavel
alto,muitoalto,3,4,grande,media,inaceitavel
alto,muitoalto,3,4,grande,alta,inaceitavel
alto,muitoalto,3,5mais,pequeno,baixa,inaceitavel
alto,muitoalto,3,5mais,pequeno,media,inaceitavel
alto,muitoalto,3,5mais,pequeno,alta,inaceitavel
alto,muitoalto,3,5mais,medio,baixa,inaceitavel
alto,muitoalto,3,5mais,medio,media,inaceitavel
alto,muitoalto,3,5mais,medio,alta,inaceitavel
alto,muitoalto,3,5mais,grande,baixa,inaceitavel
alto,muitoalto,3,5mais,grande,media,inaceitavel
alto,muitoalto,3,5mais,grande,alta,inaceitavel
alto,muitoalto,4,2,pequeno,baixa,inaceitavel
alto,muitoalto,4,2,pequeno,media,inaceitavel
alto,muitoalto,4,2,pequeno,alta,inaceitavel
alto,muitoalto,4,2,medio,baixa,inaceitavel
alto,muitoalto,4,2,medio,media,inaceitavel
alto,muitoalto,4,2,medio,alta,inaceitavel
alto,muitoalto,4,2,grande,baixa,inaceitavel
alto,muitoalto,4,2,grande,media,inaceitavel
alto,muitoalto,4,2,grande,alta,inaceitavel
alto,muitoalto,4,4,pequeno,baixa,inaceitavel
alto,muitoalto,4,4,pequeno,media,inaceitavel
alto,muitoalto,4,4,pequeno,alta,inaceitavel
alto,muitoalto,4,4,medio,baixa,inaceitavel
alto,muitoalto,4,4,medio,media,inaceitavel
alto,muitoalto,4,4,medio,alta,inaceitavel
alto,muitoalto,4,4,grande,baixa,inaceitavel
alto,muitoalto,4,4,grande,media,inaceitavel
alto,muitoalto,4,4,grande,alta,inaceitavel
alto,muitoalto,4,5mais,pequeno,baixa,inaceitavel
alto,muitoalto,4,5mais,pequeno,media,inaceitavel
alto,muitoalto,4,5mais,pequeno,alta,inaceitavel
alto,muitoalto,4,5mais,medio,baixa,inaceitavel
alto,muitoalto,4,5mais,medio,media,inaceitavel
alto,muitoalto,4,5mais,medio,alta,inaceitavel
alto,muitoalto,4,5mais,grande,baixa,inaceitavel
alto,muitoalto,4,5mais,grande,media,inaceitavel
alto,muitoalto,4,5mais,grande,alta,inaceitavel
alto,muitoalto,5mais,2,pequeno,baixa,inaceitavel
alto,muitoalto,5mais,2,pequeno,media,inaceitavel
alto,muitoalto,5mais,2,pequeno,alta,inaceitavel
alto,muitoalto,5mais,2,medio,baixa,inaceitavel
alto,muitoalto,5mais,2,medio,media,inaceitavel
alto,muitoalto,5mais,2,medio,alta,inaceitavel
alto,muitoalto,5mais,2,grande,baixa,inaceitavel
alto,muitoalto,5mais,2,grande,media,inaceitavel
alto,muitoalto,5mais,2,grande,alta,inaceitavel
alto,muitoalto,5mais,4,pequeno,baixa,inaceitavel
alto,muitoalto,5mais,4,pequeno,media,inaceitavel
alto,muitoalto,5mais,4,pequeno,alta,inaceitavel
alto,muitoalto,5mais,4,medio,baixa,inaceitavel
alto,muitoalto,5mais,4,medio,media,inaceitavel
alto,muitoalto,5mais,4,medio,alta,inaceitavel
alto,muitoalto,5mais,4,grande,baixa,inaceitavel
alto,muitoalto,5mais,4,grande,media,inaceitavel
alto,muitoalto,5mais,4,grande,alta,inaceitavel
alto,muitoalto,5mais,5mais,pequeno,baixa,inaceitavel
alto,muitoalto,5mais,5mais,pequeno,media,inaceitavel
alto,muitoalto,5mais,5mais,pequeno,alta,inaceitavel
alto,muitoalto,5mais,5mais,medio,baixa,inaceitavel
alto,muitoalto,5mais,5mais,medio,media,inaceitavel
alto,muitoalto,5mais,5mais,medio,alta,inaceitavel
alto,muitoalto,5mais,5mais,grande,baixa,inaceitavel
alto,muitoalto,5mais,5mais,grande,media,inaceitavel
alto,muitoalto,5mais,5mais,grande,alta,inaceitavel
alto,alto,2,2,pequeno,baixa,inaceitavel
alto,alto,2,2,pequeno,media,inaceitavel
alto,alto,2,2,pequeno,alta,inaceitavel
alto,alto,2,2,medio,baixa,inaceitavel
alto,alto,2,2,medio,media,inaceitavel
alto,alto,2,2,medio,alta,inaceitavel
alto,alto,2,2,grande,baixa,inaceitavel
alto,alto,2,2,grande,media,inaceitavel
alto,alto,2,2,grande,alta,inaceitavel
alto,alto,2,4,pequeno,baixa,inaceitavel
alto,alto,2,4,pequeno,media,inaceitavel
alto,alto,2,4,pequeno,alta,aceitavel
alto,alto,2,4,medio,baixa,inaceitavel
alto,alto,2,4,medio,media,inaceitavel
alto,alto,2,4,medio,alta,aceitavel
alto,alto,2,4,grande,baixa,inaceitavel
alto,alto,2,4,grande,media,aceitavel
alto,alto,2,4,grande,alta,aceitavel
alto,alto,2,5mais,pequeno,baixa,inaceitavel
alto,alto,2,5mais,pequeno,media,inaceitavel
alto,alto,2,5mais,pequeno,alta,inaceitavel
alto,alto,2,5mais,medio,baixa,inaceitavel
alto,alto,2,5mais,medio,media,inaceitavel
alto,alto,2,5mais,medio,alta,aceitavel
alto,alto,2,5mais,grande,baixa,inaceitavel
alto,alto,2,5mais,grande,media,aceitavel
alto,alto,2,5mais,grande,alta,aceitavel
alto,alto,3,2,pequeno,baixa,inaceitavel
alto,alto,3,2,pequeno,media,inaceitavel
alto,alto,3,2,pequeno,alta,inaceitavel
alto,alto,3,2,medio,baixa,inaceitavel
alto,alto,3,2,medio,media,inaceitavel
alto,alto,3,2,medio,alta,inaceitavel
alto,alto,3,2,grande,baixa,inaceitavel
alto,alto,3,2,grande,media,inaceitavel
alto,alto,3,2,grande,alta,inaceitavel
alto,alto,3,4,pequeno,baixa,inaceitavel
alto,alto,3,4,pequeno,media,inaceitavel
alto,alto,3,4,pequeno,alta,aceitavel
alto,alto,3,4,medio,baixa,inaceitavel
alto,alto,3,4,medio,media,inaceitavel
alto,alto,3,4,medio,alta,aceitavel
alto,alto,3,4,grande,baixa,inaceitavel
alto,alto,3,4,grande,media,aceitavel
alto,alto,3,4,grande,alta,aceitavel
alto,alto,3,5mais,pequeno,baixa,inaceitavel
alto,alto,3,5mais,pequeno,media,inaceitavel
alto,alto,3,5mais,pequeno,alta,aceitavel
alto,alto,3,5mais,medio,baixa,inaceitavel
alto,alto,3,5mais,medio,media,aceitavel
alto,alto,3,5mais,medio,alta,aceitavel
alto,alto,3,5mais,grande,baixa,inaceitavel
alto,alto,3,5mais,grande,media,aceitavel
alto,alto,3,5mais,grande,alta,aceitavel
alto,alto,4,2,pequeno,baixa,inaceitavel
alto,alto,4,2,pequeno,media,inaceitavel
alto,alto,4,2,pequeno,alta,inaceitavel
alto,alto,4,2,medio,baixa,inaceitavel
alto,alto,4,2,medio,media,inaceitavel
alto,alto,4,2,medio,alta,inaceitavel
alto,alto,4,2,grande,baixa,inaceitavel
alto,alto,4,2,grande,media,inaceitavel
alto,alto,4,2,grande,alta,inaceitavel
alto,alto,4,4,pequeno,baixa,inaceitavel
alto,alto,4,4,pequeno,media,inaceitavel
alto,alto,4,4,pequeno,alta,aceitavel
alto,alto,4,4,medio,baixa,inaceitavel
alto,alto,4,4,medio,media,aceitavel
alto,alto,4,4,medio,alta,aceitavel
alto,alto,4,4,grande,baixa,inaceitavel
alto,alto,4,4,grande,media,aceitavel
alto,alto,4,4,grande,alta,aceitavel
alto,alto,4,5mais,pequeno,baixa,inaceitavel
alto,alto,4,5mais,pequeno,media,inaceitavel
alto,alto,4,5mais,pequeno,alta,aceitavel
alto,alto,4,5mais,medio,baixa,inaceitavel
alto,alto,4,5mais,medio,media,aceitavel
alto,alto,4,5mais,medio,alta,aceitavel
alto,alto,4,5mais,grande,baixa,inaceitavel
alto,alto,4,5mais,grande,media,aceitavel
alto,alto,4,5mais,grande,alta,aceitavel
alto,alto,5mais,2,pequeno,baixa,inaceitavel
alto,alto,5mais,2,pequeno,media,inaceitavel
alto,alto,5mais,2,pequeno,alta,inaceitavel
alto,alto,5mais,2,medio,baixa,inaceitavel
alto,alto,5mais,2,medio,media,inaceitavel
alto,alto,5mais,2,medio,alta,inaceitavel
alto,alto,5mais,2,grande,baixa,inaceitavel
alto,alto,5mais,2,grande,media,inaceitavel
alto,alto,5mais,2,grande,alta,inaceitavel
alto,alto,5mais,4,pequeno,baixa,inaceitavel
alto,alto,5mais,4,pequeno,media,inaceitavel
alto,alto,5mais,4,pequeno,alta,aceitavel
alto,alto,5mais,4,medio,baixa,inaceitavel
alto,alto,5mais,4,medio,media,aceitavel
alto,alto,5mais,4,medio,alta,aceitavel
alto,alto,5mais,4,grande,baixa,inaceitavel
alto,alto,5mais,4,grande,media,aceitavel
alto,alto,5mais,4,grande,alta,aceitavel
alto,alto,5mais,5mais,pequeno,baixa,inaceitavel
alto,alto,5mais,5mais,pequeno,media,inaceitavel
alto,alto,5mais,5mais,pequeno,alta,aceitavel
alto,alto,5mais,5mais,medio,baixa,inaceitavel
alto,alto,5mais,5mais,medio,media,aceitavel
alto,alto,5mais,5mais,medio,alta,aceitavel
alto,alto,5mais,5mais,grande,baixa,inaceitavel
alto,alto,5mais,5mais,grande,media,aceitavel
alto,alto,5mais,5mais,grande,alta,aceitavel
alto,medio,2,2,pequeno,baixa,inaceitavel
alto,medio,2,2,pequeno,media,inaceitavel
alto,medio,2,2,pequeno,alta,inaceitavel
alto,medio,2,2,medio,baixa,inaceitavel
alto,medio,2,2,medio,media,inaceitavel
alto,medio,2,2,medio,alta,inaceitavel
alto,medio,2,2,grande,baixa,inaceitavel
alto,medio,2,2,grande,media,inaceitavel
alto,medio,2,2,grande,alta,inaceitavel
alto,medio,2,4,pequeno,baixa,inaceitavel
alto,medio,2,4,pequeno,media,inaceitavel
alto,medio,2,4,pequeno,alta,aceitavel
alto,medio,2,4,medio,baixa,inaceitavel
alto,medio,2,4,medio,media,inaceitavel
alto,medio,2,4,medio,alta,aceitavel
alto,medio,2,4,grande,baixa,inaceitavel
alto,medio,2,4,grande,media,aceitavel
alto,medio,2,4,grande,alta,aceitavel
alto,medio,2,5mais,pequeno,baixa,inaceitavel
alto,medio,2,5mais,pequeno,media,inaceitavel
alto,medio,2,5mais,pequeno,alta,inaceitavel
alto,medio,2,5mais,medio,baixa,inaceitavel
alto,medio,2,5mais,medio,media,inaceitavel
alto,medio,2,5mais,medio,alta,aceitavel
alto,medio,2,5mais,grande,baixa,inaceitavel
alto,medio,2,5mais,grande,media,aceitavel
alto,medio,2,5mais,grande,alta,aceitavel
alto,medio,3,2,pequeno,baixa,inaceitavel
alto,medio,3,2,pequeno,media,inaceitavel
alto,medio,3,2,pequeno,alta,inaceitavel
alto,medio,3,2,medio,baixa,inaceitavel
alto,medio,3,2,medio,media,inaceitavel
alto,medio,3,2,medio,alta,inaceitavel
alto,medio,3,2,grande,baixa,inaceitavel
alto,medio,3,2,grande,media,inaceitavel
alto,medio,3,2,grande,alta,inaceitavel
alto,medio,3,4,pequeno,baixa,inaceitavel
alto,medio,3,4,pequeno,media,inaceitavel
alto,medio,3,4,pequeno,alta,aceitavel
alto,medio,3,4,medio,baixa,inaceitavel
alto,medio,3,4,medio,media,inaceitavel
alto,medio,3,4,medio,alta,aceitavel
alto,medio,3,4,grande,baixa,inaceitavel
alto,medio,3,4,grande,media,aceitavel
alto,medio,3,4,grande,alta,aceitavel
alto,medio,3,5mais,pequeno,baixa,inaceitavel
alto,medio,3,5mais,pequeno,media,inaceitavel
alto,medio,3,5mais,pequeno,alta,aceitavel
alto,medio,3,5mais,medio,baixa,inaceitavel
alto,medio,3,5mais,medio,media,aceitavel
alto,medio,3,5mais,medio,alta,aceitavel
alto,medio,3,5mais,grande,baixa,inaceitavel
alto,medio,3,5mais,grande,media,aceitavel
alto,medio,3,5mais,grande,alta,aceitavel
alto,medio,4,2,pequeno,baixa,inaceitavel
alto,medio,4,2,pequeno,media,inaceitavel
alto,medio,4,2,pequeno,alta,inaceitavel
alto,medio,4,2,medio,baixa,inaceitavel
alto,medio,4,2,medio,media,inaceitavel
alto,medio,4,2,medio,alta,inaceitavel
alto,medio,4,2,grande,baixa,inaceitavel
alto,medio,4,2,grande,media,inaceitavel
alto,medio,4,2,grande,alta,inaceitavel
alto,medio,4,4,pequeno,baixa,inaceitavel
alto,medio,4,4,pequeno,media,inaceitavel
alto,medio,4,4,pequeno,alta,aceitavel
alto,medio,4,4,medio,baixa,inaceitavel
alto,medio,4,4,medio,media,aceitavel
alto,medio,4,4,medio,alta,aceitavel
alto,medio,4,4,grande,baixa,inaceitavel
alto,medio,4,4,grande,media,aceitavel
alto,medio,4,4,grande,alta,aceitavel
alto,medio,4,5mais,pequeno,baixa,inaceitavel
alto,medio,4,5mais,pequeno,media,inaceitavel
alto,medio,4,5mais,pequeno,alta,aceitavel
alto,medio,4,5mais,medio,baixa,inaceitavel
alto,medio,4,5mais,medio,media,aceitavel
alto,medio,4,5mais,medio,alta,aceitavel
alto,medio,4,5mais,grande,baixa,inaceitavel
alto,medio,4,5mais,grande,media,aceitavel
alto,medio,4,5mais,grande,alta,aceitavel
alto,medio,5mais,2,pequeno,baixa,inaceitavel
alto,medio,5mais,2,pequeno,media,inaceitavel
alto,medio,5mais,2,pequeno,alta,inaceitavel
alto,medio,5mais,2,medio,baixa,inaceitavel
alto,medio,5mais,2,medio,media,inaceitavel
alto,medio,5mais,2,medio,alta,inaceitavel
alto,medio,5mais,2,grande,baixa,inaceitavel
alto,medio,5mais,2,grande,media,inaceitavel
alto,medio,5mais,2,grande,alta,inaceitavel
alto,medio,5mais,4,pequeno,baixa,inaceitavel
alto,medio,5mais,4,pequeno,media,inaceitavel
alto,medio,5mais,4,pequeno,alta,aceitavel
alto,medio,5mais,4,medio,baixa,inaceitavel
alto,medio,5mais,4,medio,media,aceitavel
alto,medio,5mais,4,medio,alta,aceitavel
alto,medio,5mais,4,grande,baixa,inaceitavel
alto,medio,5mais,4,grande,media,aceitavel
alto,medio,5mais,4,grande,alta,aceitavel
alto,medio,5mais,5mais,pequeno,baixa,inaceitavel
alto,medio,5mais,5mais,pequeno,media,inaceitavel
alto,medio,5mais,5mais,pequeno,alta,aceitavel
alto,medio,5mais,5mais,medio,baixa,inaceitavel
alto,medio,5mais,5mais,medio,media,aceitavel
alto,medio,5mais,5mais,medio,alta,aceitavel
alto,medio,5mais,5mais,grande,baixa,inaceitavel
alto,medio,5mais,5mais,grande,media,aceitavel
alto,medio,5mais,5mais,grande,alta,aceitavel
alto,baixo,2,2,pequeno,baixa,inaceitavel
alto,baixo,2,2,pequeno,media,inaceitavel
alto,baixo,2,2,pequeno,alta,inaceitavel
alto,baixo,2,2,medio,baixa,inaceitavel
alto,baixo,2,2,medio,media,inaceitavel
alto,baixo,2,2,medio,alta,inaceitavel
alto,baixo,2,2,grande,baixa,inaceitavel
alto,baixo,2,2,grande,media,inaceitavel
alto,baixo,2,2,grande,alta,inaceitavel
alto,baixo,2,4,pequeno,baixa,inaceitavel
alto,baixo,2,4,pequeno,media,inaceitavel
alto,baixo,2,4,pequeno,alta,aceitavel
alto,baixo,2,4,medio,baixa,inaceitavel
alto,baixo,2,4,medio,media,inaceitavel
alto,baixo,2,4,medio,alta,aceitavel
alto,baixo,2,4,grande,baixa,inaceitavel
alto,baixo,2,4,grande,media,aceitavel
alto,baixo,2,4,grande,alta,aceitavel
alto,baixo,2,5mais,pequeno,baixa,inaceitavel
alto,baixo,2,5mais,pequeno,media,inaceitavel
alto,baixo,2,5mais,pequeno,alta,inaceitavel
alto,baixo,2,5mais,medio,baixa,inaceitavel
alto,baixo,2,5mais,medio,media,inaceitavel
alto,baixo,2,5mais,medio,alta,aceitavel
alto,baixo,2,5mais,grande,baixa,inaceitavel
alto,baixo,2,5mais,grande,media,aceitavel
alto,baixo,2,5mais,grande,alta,aceitavel
alto,baixo,3,2,pequeno,baixa,inaceitavel
alto,baixo,3,2,pequeno,media,inaceitavel
alto,baixo,3,2,pequeno,alta,inaceitavel
alto,baixo,3,2,medio,baixa,inaceitavel
alto,baixo,3,2,medio,media,inaceitavel
alto,baixo,3,2,medio,alta,inaceitavel
alto,baixo,3,2,grande,baixa,inaceitavel
alto,baixo,3,2,grande,media,inaceitavel
alto,baixo,3,2,grande,alta,inaceitavel
alto,baixo,3,4,pequeno,baixa,inaceitavel
alto,baixo,3,4,pequeno,media,inaceitavel
alto,baixo,3,4,pequeno,alta,aceitavel
alto,baixo,3,4,medio,baixa,inaceitavel
alto,baixo,3,4,medio,media,inaceitavel
alto,baixo,3,4,medio,alta,aceitavel
alto,baixo,3,4,grande,baixa,inaceitavel
alto,baixo,3,4,grande,media,aceitavel
alto,baixo,3,4,grande,alta,aceitavel
alto,baixo,3,5mais,pequeno,baixa,inaceitavel
alto,baixo,3,5mais,pequeno,media,inaceitavel
alto,baixo,3,5mais,pequeno,alta,aceitavel
alto,baixo,3,5mais,medio,baixa,inaceitavel
alto,baixo,3,5mais,medio,media,aceitavel
alto,baixo,3,5mais,medio,alta,aceitavel
alto,baixo,3,5mais,grande,baixa,inaceitavel
alto,baixo,3,5mais,grande,media,aceitavel
alto,baixo,3,5mais,grande,alta,aceitavel
alto,baixo,4,2,pequeno,baixa,inaceitavel
alto,baixo,4,2,pequeno,media,inaceitavel
alto,baixo,4,2,pequeno,alta,inaceitavel
alto,baixo,4,2,medio,baixa,inaceitavel
alto,baixo,4,2,medio,media,inaceitavel
alto,baixo,4,2,medio,alta,inaceitavel
alto,baixo,4,2,grande,baixa,inaceitavel
alto,baixo,4,2,grande,media,inaceitavel
alto,baixo,4,2,grande,alta,inaceitavel
alto,baixo,4,4,pequeno,baixa,inaceitavel
alto,baixo,4,4,pequeno,media,inaceitavel
alto,baixo,4,4,pequeno,alta,aceitavel
alto,baixo,4,4,medio,baixa,inaceitavel
alto,baixo,4,4,medio,media,aceitavel
alto,baixo,4,4,medio,alta,aceitavel
alto,baixo,4,4,grande,baixa,inaceitavel
alto,baixo,4,4,grande,media,aceitavel
alto,baixo,4,4,grande,alta,aceitavel
alto,baixo,4,5mais,pequeno,baixa,inaceitavel
alto,baixo,4,5mais,pequeno,media,inaceitavel
alto,baixo,4,5mais,pequeno,alta,aceitavel
alto,baixo,4,5mais,medio,baixa,inaceitavel
alto,baixo,4,5mais,medio,media,aceitavel
alto,baixo,4,5mais,medio,alta,aceitavel
alto,baixo,4,5mais,grande,baixa,inaceitavel
alto,baixo,4,5mais,grande,media,aceitavel
alto,baixo,4,5mais,grande,alta,aceitavel
alto,baixo,5mais,2,pequeno,baixa,inaceitavel
alto,baixo,5mais,2,pequeno,media,inaceitavel
alto,baixo,5mais,2,pequeno,alta,inaceitavel
alto,baixo,5mais,2,medio,baixa,inaceitavel
alto,baixo,5mais,2,medio,media,inaceitavel
alto,baixo,5mais,2,medio,alta,inaceitavel
alto,baixo,5mais,2,grande,baixa,inaceitavel
alto,baixo,5mais,2,grande,media,inaceitavel
alto,baixo,5mais,2,grande,alta,inaceitavel
alto,baixo,5mais,4,pequeno,baixa,inaceitavel
alto,baixo,5mais,4,pequeno,media,inaceitavel
alto,baixo,5mais,4,pequeno,alta,aceitavel
alto,baixo,5mais,4,medio,baixa,inaceitavel
alto,baixo,5mais,4,medio,media,aceitavel
alto,baixo,5mais,4,medio,alta,aceitavel
alto,baixo,5mais,4,grande,baixa,inaceitavel
alto,baixo,5mais,4,grande,media,aceitavel
alto,baixo,5mais,4,grande,alta,aceitavel
alto,baixo,5mais,5mais,pequeno,baixa,inaceitavel
alto,baixo,5mais,5mais,pequeno,media,inaceitavel
alto,baixo,5mais,5mais,pequeno,alta,aceitavel
alto,baixo,5mais,5mais,medio,baixa,inaceitavel
alto,baixo,5mais,5mais,medio,media,aceitavel
alto,baixo,5mais,5mais,medio,alta,aceitavel
alto,baixo,5mais,5mais,grande,baixa,inaceitavel
alto,baixo,5mais,5mais,grande,media,aceitavel
alto,baixo,5mais,5mais,grande,alta,aceitavel
medio,muitoalto,2,2,pequeno,baixa,inaceitavel
medio,muitoalto,2,2,pequeno,media,inaceitavel
medio,muitoalto,2,2,pequeno,alta,inaceitavel
medio,muitoalto,2,2,medio,baixa,inaceitavel
medio,muitoalto,2,2,medio,media,inaceitavel
medio,muitoalto,2,2,medio,alta,inaceitavel
medio,muitoalto,2,2,grande,baixa,inaceitavel
medio,muitoalto,2,2,grande,media,inaceitavel
medio,muitoalto,2,2,grande,alta,inaceitavel
medio,muitoalto,2,4,pequeno,baixa,inaceitavel
medio,muitoalto,2,4,pequeno,media,inaceitavel
medio,muitoalto,2,4,pequeno,alta,aceitavel
medio,muitoalto,2,4,medio,baixa,inaceitavel
medio,muitoalto,2,4,medio,media,inaceitavel
medio,muitoalto,2,4,medio,alta,aceitavel
medio,muitoalto,2,4,grande,baixa,inaceitavel
medio,muitoalto,2,4,grande,media,aceitavel
medio,muitoalto,2,4,grande,alta,aceitavel
medio,muitoalto,2,5mais,pequeno,baixa,inaceitavel
medio,muitoalto,2,5mais,pequeno,media,inaceitavel
medio,muitoalto,2,5mais,pequeno,alta,inaceitavel
medio,muitoalto,2,5mais,medio,baixa,inaceitavel
medio,muitoalto,2,5mais,medio,media,inaceitavel
medio,muitoalto,2,5mais,medio,alta,aceitavel
medio,muitoalto,2,5mais,grande,baixa,inaceitavel
medio,muitoalto,2,5mais,grande,media,aceitavel
medio,muitoalto,2,5mais,grande,alta,aceitavel
medio,muitoalto,3,2,pequeno,baixa,inaceitavel
medio,muitoalto,3,2,pequeno,media,inaceitavel
medio,muitoalto,3,2,pequeno,alta,inaceitavel
medio,muitoalto,3,2,medio,baixa,inaceitavel
medio,muitoalto,3,2,medio,media,inaceitavel
medio,muitoalto,3,2,medio,alta,inaceitavel
medio,muitoalto,3,2,grande,baixa,inaceitavel
medio,muitoalto,3,2,grande,media,inaceitavel
medio,muitoalto,3,2,grande,alta,inaceitavel
medio,muitoalto,3,4,pequeno,baixa,inaceitavel
medio,muitoalto,3,4,pequeno,media,inaceitavel
medio,muitoalto,3,4,pequeno,alta,aceitavel
medio,muitoalto,3,4,medio,baixa,inaceitavel
medio,muitoalto,3,4,medio,media,inaceitavel
medio,muitoalto,3,4,medio,alta,aceitavel
medio,muitoalto,3,4,grande,baixa,inaceitavel
medio,muitoalto,3,4,grande,media,aceitavel
medio,muitoalto,3,4,grande,alta,aceitavel
medio,muitoalto,3,5mais,pequeno,baixa,inaceitavel
medio,muitoalto,3,5mais,pequeno,media,inaceitavel
medio,muitoalto,3,5mais,pequeno,alta,aceitavel
medio,muitoalto,3,5mais,medio,baixa,inaceitavel
medio,muitoalto,3,5mais,medio,media,aceitavel
medio,muitoalto,3,5mais,medio,alta,aceitavel
medio,muitoalto,3,5mais,grande,baixa,inaceitavel
medio,muitoalto,3,5mais,grande,media,aceitavel
medio,muitoalto,3,5mais,grande,alta,aceitavel
medio,muitoalto,4,2,pequeno,baixa,inaceitavel
medio,muitoalto,4,2,pequeno,media,inaceitavel
medio,muitoalto,4,2,pequeno,alta,inaceitavel
medio,muitoalto,4,2,medio,baixa,inaceitavel
medio,muitoalto,4,2,medio,media,inaceitavel
medio,muitoalto,4,2,medio,alta,inaceitavel
medio,muitoalto,4,2,grande,baixa,inaceitavel
medio,muitoalto,4,2,grande,media,inaceitavel
medio,muitoalto,4,2,grande,alta,inaceitavel
medio,muitoalto,4,4,pequeno,baixa,inaceitavel
medio,muitoalto,4,4,pequeno,media,inaceitavel
medio,muitoalto,4,4,pequeno,alta,aceitavel
medio,muitoalto,4,4,medio,baixa,inaceitavel
medio,muitoalto,4,4,medio,media,aceitavel
medio,muitoalto,4,4,medio,alta,aceitavel
medio,muitoalto,4,4,grande,baixa,inaceitavel
medio,muitoalto,4,4,grande,media,aceitavel
medio,muitoalto,4,4,grande,alta,aceitavel
medio,muitoalto,4,5mais,pequeno,baixa,inaceitavel
medio,muitoalto,4,5mais,pequeno,media,inaceitavel
medio,muitoalto,4,5mais,pequeno,alta,aceitavel
medio,muitoalto,4,5mais,medio,baixa,inaceitavel
medio,muitoalto,4,5mais,medio,media,aceitavel
medio,muitoalto,4,5mais,medio,alta,aceitavel
medio,muitoalto,4,5mais,grande,baixa,inaceitavel
medio,muitoalto,4,5mais,grande,media,aceitavel
medio,muitoalto,4,5mais,grande,alta,aceitavel
medio,muitoalto,5mais,2,pequeno,baixa,inaceitavel
medio,muitoalto,5mais,2,pequeno,media,inaceitavel
medio,muitoalto,5mais,2,pequeno,alta,inaceitavel
medio,muitoalto,5mais,2,medio,baixa,inaceitavel
medio,muitoalto,5mais,2,medio,media,inaceitavel
medio,muitoalto,5mais,2,medio,alta,inaceitavel
medio,muitoalto,5mais,2,grande,baixa,inaceitavel
medio,muitoalto,5mais,2,grande,media,inaceitavel
medio,muitoalto,5mais,2,grande,alta,inaceitavel
medio,muitoalto,5mais,4,pequeno,baixa,inaceitavel
medio,muitoalto,5mais,4,pequeno,media,inaceitavel
medio,muitoalto,5mais,4,pequeno,alta,aceitavel
medio,muitoalto,5mais,4,medio,baixa,inaceitavel
medio,muitoalto,5mais,4,medio,media,aceitavel
medio,muitoalto,5mais,4,medio,alta,aceitavel
medio,muitoalto,5mais,4,grande,baixa,inaceitavel
medio,muitoalto,5mais,4,grande,media,aceitavel
medio,muitoalto,5mais,4,grande,alta,aceitavel
medio,muitoalto,5mais,5mais,pequeno,baixa,inaceitavel
medio,muitoalto,5mais,5mais,pequeno,media,inaceitavel
medio,muitoalto,5mais,5mais,pequeno,alta,aceitavel
medio,muitoalto,5mais,5mais,medio,baixa,inaceitavel
medio,muitoalto,5mais,5mais,medio,media,aceitavel
medio,muitoalto,5mais,5mais,medio,alta,aceitavel
medio,muitoalto,5mais,5mais,grande,baixa,inaceitavel
medio,muitoalto,5mais,5mais,grande,media,aceitavel
medio,muitoalto,5mais,5mais,grande,alta,aceitavel
medio,alto,2,2,pequeno,baixa,inaceitavel
medio,alto,2,2,pequeno,media,inaceitavel
medio,alto,2,2,pequeno,alta,inaceitavel
medio,alto,2,2,medio,baixa,inaceitavel
medio,alto,2,2,medio,media,inaceitavel
medio,alto,2,2,medio,alta,inaceitavel
medio,alto,2,2,grande,baixa,inaceitavel
medio,alto,2,2,grande,media,inaceitavel
medio,alto,2,2,grande,alta,inaceitavel
medio,alto,2,4,pequeno,baixa,inaceitavel
medio,alto,2,4,pequeno,media,inaceitavel
medio,alto,2,4,pequeno,alta,aceitavel
medio,alto,2,4,medio,baixa,inaceitavel
medio,alto,2,4,medio,media,inaceitavel
medio,alto,2,4,medio,alta,aceitavel
medio,alto,2,4,grande,baixa,inaceitavel
medio,alto,2,4,grande,media,aceitavel
medio,alto,2,4,grande,alta,aceitavel
medio,alto,2,5mais,pequeno,baixa,inaceitavel
medio,alto,2,5mais,pequeno,media,inaceitavel
medio,alto,2,5mais,pequeno,alta,inaceitavel
medio,alto,2,5mais,medio,baixa,inaceitavel
medio,alto,2,5mais,medio,media,inaceitavel
medio,alto,2,5mais,medio,alta,aceitavel
medio,alto,2,5mais,grande,baixa,inaceitavel
medio,alto,2,5mais,grande,media,aceitavel
medio,alto,2,5mais,grande,alta,aceitavel
medio,alto,3,2,pequeno,baixa,inaceitavel
medio,alto,3,2,pequeno,media,inaceitavel
medio,alto,3,2,pequeno,alta,inaceitavel
medio,alto,3,2,medio,baixa,inaceitavel
medio,alto,3,2,medio,media,inaceitavel
medio,alto,3,2,medio,alta,inaceitavel
medio,alto,3,2,grande,baixa,inaceitavel
medio,alto,3,2,grande,media,inaceitavel
medio,alto,3,2,grande,alta,inaceitavel
medio,alto,3,4,pequeno,baixa,inaceitavel
medio,alto,3,4,pequeno,media,inaceitavel
medio,alto,3,4,pequeno,alta,aceitavel
medio,alto,3,4,medio,baixa,inaceitavel
medio,alto,3,4,medio,media,inaceitavel
medio,alto,3,4,medio,alta,aceitavel
medio,alto,3,4,grande,baixa,inaceitavel
medio,alto,3,4,grande,media,aceitavel
medio,alto,3,4,grande,alta,aceitavel
medio,alto,3,5mais,pequeno,baixa,inaceitavel
medio,alto,3,5mais,pequeno,media,inaceitavel
medio,alto,3,5mais,pequeno,alta,aceitavel
medio,alto,3,5mais,medio,baixa,inaceitavel
medio,alto,3,5mais,medio,media,aceitavel
medio,alto,3,5mais,medio,alta,aceitavel
medio,alto,3,5mais,grande,baixa,inaceitavel
medio,alto,3,5mais,grande,media,aceitavel
medio,alto,3,5mais,grande,alta,aceitavel
medio,alto,4,2,pequeno,baixa,inaceitavel
medio,alto,4,2,pequeno,media,inaceitavel
medio,alto,4,2,pequeno,alta,inaceitavel
medio,alto,4,2,medio,baixa,inaceitavel
medio,alto,4,2,medio,media,inaceitavel
medio,alto,4,2,medio,alta,inaceitavel
medio,alto,4,2,grande,baixa,inaceitavel
medio,alto,4,2,grande,media,inaceitavel
medio,alto,4,2,grande,alta,inaceitavel
medio,alto,4,4,pequeno,baixa,inaceitavel
medio,alto,4,4,pequeno,media,inaceitavel
medio,alto,4,4,pequeno,alta,aceitavel
medio,alto,4,4,medio,baixa,inaceitavel
medio,alto,4,4,medio,media,aceitavel
medio,alto,4,4,medio,alta,aceitavel
medio,alto,4,4,grande,baixa,inaceitavel
medio,alto,4,4,grande,media,aceitavel
medio,alto,4,4,grande,alta,aceitavel
medio,alto,4,5mais,pequeno,baixa,inaceitavel
medio,alto,4,5mais,pequeno,media,inaceitavel
medio,alto,4,5mais,pequeno,alta,aceitavel
medio,alto,4,5mais,medio,baixa,inaceitavel
medio,alto,4,5mais,medio,media,aceitavel
medio,alto,4,5mais,medio,alta,aceitavel
medio,alto,4,5mais,grande,baixa,inaceitavel
medio,alto,4,5mais,grande,media,aceitavel
medio,alto,4,5mais,grande,alta,aceitavel
medio,alto,5mais,2,pequeno,baixa,inaceitavel
medio,alto,5mais,2,pequeno,media,inaceitavel
medio,alto,5mais,2,pequeno,alta,inaceitavel
medio,alto,5mais,2,medio,baixa,inaceitavel
medio,alto,5mais,2,medio,media,inaceitavel
medio,alto,5mais,2,medio,alta,inaceitavel
medio,alto,5mais,2,grande,baixa,inaceitavel
medio,alto,5mais,2,grande,media,inaceitavel
medio,alto,5mais,2,grande,alta,inaceitavel
medio,alto,5mais,4,pequeno,baixa,inaceitavel
medio,alto,5mais,4,pequeno,media,inaceitavel
medio,alto,5mais,4,pequeno,alta,aceitavel
medio,alto,5mais,4,medio,baixa,inaceitavel
medio,alto,5mais,4,medio,media,aceitavel
medio,alto,5mais,4,medio,alta,aceitavel
medio,alto,5mais,4,grande,baixa,inaceitavel
medio,alto,5mais,4,grande,media,aceitavel
medio,alto,5mais,4,grande,alta,aceitavel
medio,alto,5mais,5mais,pequeno,baixa,inaceitavel
medio,alto,5mais,5mais,pequeno,media,inaceitavel
medio,alto,5mais,5mais,pequeno,alta,aceitavel
medio,alto,5mais,5mais,medio,baixa,inaceitavel
medio,alto,5mais,5mais,medio,media,aceitavel
medio,alto,5mais,5mais,medio,alta,aceitavel
medio,alto,5mais,5mais,grande,baixa,inaceitavel
medio,alto,5mais,5mais,grande,media,aceitavel
medio,alto,5mais,5mais,grande,alta,aceitavel
medio,medio,2,2,pequeno,baixa,inaceitavel
medio,medio,2,2,pequeno,media,inaceitavel
medio,medio,2,2,pequeno,alta,inaceitavel
medio,medio,2,2,medio,baixa,inaceitavel
medio,medio,2,2,medio,media,inaceitavel
medio,medio,2,2,medio,alta,inaceitavel
medio,medio,2,2,grande,baixa,inaceitavel
medio,medio,2,2,grande,media,inaceitavel
medio,medio,2,2,grande,alta,inaceitavel
medio,medio,2,4,pequeno,baixa,inaceitavel
medio,medio,2,4,pequeno,media,aceitavel
medio,medio,2,4,pequeno,alta,aceitavel
medio,medio,2,4,medio,baixa,inaceitavel
medio,medio,2,4,medio,media,aceitavel
medio,medio,2,4,medio,alta,aceitavel
medio,medio,2,4,grande,baixa,inaceitavel
medio,medio,2,4,grande,media,aceitavel
medio,medio,2,4,grande,alta,muitobom
medio,medio,2,5mais,pequeno,baixa,inaceitavel
medio,medio,2,5mais,pequeno,media,inaceitavel
medio,medio,2,5mais,pequeno,alta,inaceitavel
medio,medio,2,5mais,medio,baixa,inaceitavel
medio,medio,2,5mais,medio,media,aceitavel
medio,medio,2,5mais,medio,alta,aceitavel
medio,medio,2,5mais,grande,baixa,inaceitavel
medio,medio,2,5mais,grande,media,aceitavel
medio,medio,2,5mais,grande,alta,muitobom
medio,medio,3,2,pequeno,baixa,inaceitavel
medio,medio,3,2,pequeno,media,inaceitavel
medio,medio,3,2,pequeno,alta,inaceitavel
medio,medio,3,2,medio,baixa,inaceitavel
medio,medio,3,2,medio,media,inaceitavel
medio,medio,3,2,medio,alta,inaceitavel
medio,medio,3,2,grande,baixa,inaceitavel
medio,medio,3,2,grande,media,inaceitavel
medio,medio,3,2,grande,alta,inaceitavel
medio,medio,3,4,pequeno,baixa,inaceitavel
medio,medio,3,4,pequeno,media,aceitavel
medio,medio,3,4,pequeno,alta,aceitavel
medio,medio,3,4,medio,baixa,inaceitavel
medio,medio,3,4,medio,media,aceitavel
medio,medio,3,4,medio,alta,aceitavel
medio,medio,3,4,grande,baixa,inaceitavel
medio,medio,3,4,grande,media,aceitavel
medio,medio,3,4,grande,alta,muitobom
medio,medio,3,5mais,pequeno,baixa,inaceitavel
medio,medio,3,5mais,pequeno,media,aceitavel
medio,medio,3,5mais,pequeno,alta,aceitavel
medio,medio,3,5mais,medio,baixa,inaceitavel
medio,medio,3,5mais,medio,media,aceitavel
medio,medio,3,5mais,medio,alta,muitobom
medio,medio,3,5mais,grande,baixa,inaceitavel
medio,medio,3,5mais,grande,media,aceitavel
medio,medio,3,5mais,grande,alta,muitobom
medio,medio,4,2,pequeno,baixa,inaceitavel
medio,medio,4,2,pequeno,media,inaceitavel
medio,medio,4,2,pequeno,alta,inaceitavel
medio,medio,4,2,medio,baixa,inaceitavel
medio,medio,4,2,medio,media,inaceitavel
medio,medio,4,2,medio,alta,inaceitavel
medio,medio,4,2,grande,baixa,inaceitavel
medio,medio,4,2,grande,media,inaceitavel
medio,medio,4,2,grande,alta,inaceitavel
medio,medio,4,4,pequeno,baixa,inaceitavel
medio,medio,4,4,pequeno,media,aceitavel
medio,medio,4,4,pequeno,alta,aceitavel
medio,medio,4,4,medio,baixa,inaceitavel
medio,medio,4,4,medio,media,aceitavel
medio,medio,4,4,medio,alta,muitobom
medio,medio,4,4,grande,baixa,inaceitavel
medio,medio,4,4,grande,media,aceitavel
medio,medio,4,4,grande,alta,muitobom
medio,medio,4,5mais,pequeno,baixa,inaceitavel
medio,medio,4,5mais,pequeno,media,aceitavel
medio,medio,4,5mais,pequeno,alta,aceitavel
medio,medio,4,5mais,medio,baixa,inaceitavel
medio,medio,4,5mais,medio,media,aceitavel
medio,medio,4,5mais,medio,alta,muitobom
medio,medio,4,5mais,grande,baixa,inaceitavel
medio,medio,4,5mais,grande,media,aceitavel
medio,medio,4,5mais,grande,alta,muitobom
medio,medio,5mais,2,pequeno,baixa,inaceitavel
medio,medio,5mais,2,pequeno,media,inaceitavel
medio,medio,5mais,2,pequeno,alta,inaceitavel
medio,medio,5mais,2,medio,baixa,inaceitavel
medio,medio,5mais,2,medio,media,inaceitavel
medio,medio,5mais,2,medio,alta,inaceitavel
medio,medio,5mais,2,grande,baixa,inaceitavel
medio,medio,5mais,2,grande,media,inaceitavel
medio,medio,5mais,2,grande,alta,inaceitavel
medio,medio,5mais,4,pequeno,baixa,inaceitavel
medio,medio,5mais,4,pequeno,media,aceitavel
medio,medio,5mais,4,pequeno,alta,aceitavel
medio,medio,5mais,4,medio,baixa,inaceitavel
medio,medio,5mais,4,medio,media,aceitavel
medio,medio,5mais,4,medio,alta,muitobom
medio,medio,5mais,4,grande,baixa,inaceitavel
medio,medio,5mais,4,grande,media,aceitavel
medio,medio,5mais,4,grande,alta,muitobom
medio,medio,5mais,5mais,pequeno,baixa,inaceitavel
medio,medio,5mais,5mais,pequeno,media,aceitavel
medio,medio,5mais,5mais,pequeno,alta,aceitavel
medio,medio,5mais,5mais,medio,baixa,inaceitavel
medio,medio,5mais,5mais,medio,media,aceitavel
medio,medio,5mais,5mais,medio,alta,muitobom
medio,medio,5mais,5mais,grande,baixa,inaceitavel
medio,medio,5mais,5mais,grande,media,aceitavel
medio,medio,5mais,5mais,grande,alta,muitobom
medio,baixo,2,2,pequeno,baixa,inaceitavel
medio,baixo,2,2,pequeno,media,inaceitavel
medio,baixo,2,2,pequeno,alta,inaceitavel
medio,baixo,2,2,medio,baixa,inaceitavel
medio,baixo,2,2,medio,media,inaceitavel
medio,baixo,2,2,medio,alta,inaceitavel
medio,baixo,2,2,grande,baixa,inaceitavel
medio,baixo,2,2,grande,media,inaceitavel
medio,baixo,2,2,grande,alta,inaceitavel
medio,baixo,2,4,pequeno,baixa,inaceitavel
medio,baixo,2,4,pequeno,media,aceitavel
medio,baixo,2,4,pequeno,alta,bom
medio,baixo,2,4,medio,baixa,inaceitavel
medio,baixo,2,4,medio,media,aceitavel
medio,baixo,2,4,medio,alta,bom
medio,baixo,2,4,grande,baixa,inaceitavel
medio,baixo,2,4,grande,media,bom
medio,baixo,2,4,grande,alta,muitobom
medio,baixo,2,5mais,pequeno,baixa,inaceitavel
medio,baixo,2,5mais,pequeno,media,inaceitavel
medio,baixo,2,5mais,pequeno,alta,inaceitavel
medio,baixo,2,5mais,medio,baixa,inaceitavel
medio,baixo,2,5mais,medio,media,aceitavel
medio,baixo,2,5mais,medio,alta,bom
medio,baixo,2,5mais,grande,baixa,inaceitavel
medio,baixo,2,5mais,grande,media,bom
medio,baixo,2,5mais,grande,alta,muitobom
medio,baixo,3,2,pequeno,baixa,inaceitavel
medio,baixo,3,2,pequeno,media,inaceitavel
medio,baixo,3,2,pequeno,alta,inaceitavel
medio,baixo,3,2,medio,baixa,inaceitavel
medio,baixo,3,2,medio,media,inaceitavel
medio,baixo,3,2,medio,alta,inaceitavel
medio,baixo,3,2,grande,baixa,inaceitavel
medio,baixo,3,2,grande,media,inaceitavel
medio,baixo,3,2,grande,alta,inaceitavel
medio,baixo,3,4,pequeno,baixa,inaceitavel
medio,baixo,3,4,pequeno,media,aceitavel
medio,baixo,3,4,pequeno,alta,bom
medio,baixo,3,4,medio,baixa,inaceitavel
medio,baixo,3,4,medio,media,aceitavel
medio,baixo,3,4,medio,alta,bom
medio,baixo,3,4,grande,baixa,inaceitavel
medio,baixo,3,4,grande,media,bom
medio,baixo,3,4,grande,alta,muitobom
medio,baixo,3,5mais,pequeno,baixa,inaceitavel
medio,baixo,3,5mais,pequeno,media,aceitavel
medio,baixo,3,5mais,pequeno,alta,bom
medio,baixo,3,5mais,medio,baixa,inaceitavel
medio,baixo,3,5mais,medio,media,bom
medio,baixo,3,5mais,medio,alta,muitobom
medio,baixo,3,5mais,grande,baixa,inaceitavel
medio,baixo,3,5mais,grande,media,bom
medio,baixo,3,5mais,grande,alta,muitobom
medio,baixo,4,2,pequeno,baixa,inaceitavel
medio,baixo,4,2,pequeno,media,inaceitavel
medio,baixo,4,2,pequeno,alta,inaceitavel
medio,baixo,4,2,medio,baixa,inaceitavel
medio,baixo,4,2,medio,media,inaceitavel
medio,baixo,4,2,medio,alta,inaceitavel
medio,baixo,4,2,grande,baixa,inaceitavel
medio,baixo,4,2,grande,media,inaceitavel
medio,baixo,4,2,grande,alta,inaceitavel
medio,baixo,4,4,pequeno,baixa,inaceitavel
medio,baixo,4,4,pequeno,media,aceitavel
medio,baixo,4,4,pequeno,alta,bom
medio,baixo,4,4,medio,baixa,inaceitavel
medio,baixo,4,4,medio,media,bom
medio,baixo,4,4,medio,alta,muitobom
medio,baixo,4,4,grande,baixa,inaceitavel
medio,baixo,4,4,grande,media,bom
medio,baixo,4,4,grande,alta,muitobom
medio,baixo,4,5mais,pequeno,baixa,inaceitavel
medio,baixo,4,5mais,pequeno,media,aceitavel
medio,baixo,4,5mais,pequeno,alta,bom
medio,baixo,4,5mais,medio,baixa,inaceitavel
medio,baixo,4,5mais,medio,media,bom
medio,baixo,4,5mais,medio,alta,muitobom
medio,baixo,4,5mais,grande,baixa,inaceitavel
medio,baixo,4,5mais,grande,media,bom
medio,baixo,4,5mais,grande,alta,muitobom
medio,baixo,5mais,2,pequeno,baixa,inaceitavel
medio,baixo,5mais,2,pequeno,media,inaceitavel
medio,baixo,5mais,2,pequeno,alta,inaceitavel
medio,baixo,5mais,2,medio,baixa,inaceitavel
medio,baixo,5mais,2,medio,media,inaceitavel
medio,baixo,5mais,2,medio,alta,inaceitavel
medio,baixo,5mais,2,grande,baixa,inaceitavel
medio,baixo,5mais,2,grande,media,inaceitavel
medio,baixo,5mais,2,grande,alta,inaceitavel
medio,baixo,5mais,4,pequeno,baixa,inaceitavel
medio,baixo,5mais,4,pequeno,media,aceitavel
medio,baixo,5mais,4,pequeno,alta,bom
medio,baixo,5mais,4,medio,baixa,inaceitavel
medio,baixo,5mais,4,medio,media,bom
medio,baixo,5mais,4,medio,alta,muitobom
medio,baixo,5mais,4,grande,baixa,inaceitavel
medio,baixo,5mais,4,grande,media,bom
medio,baixo,5mais,4,grande,alta,muitobom
medio,baixo,5mais,5mais,pequeno,baixa,inaceitavel
medio,baixo,5mais,5mais,pequeno,media,aceitavel
medio,baixo,5mais,5mais,pequeno,alta,bom
medio,baixo,5mais,5mais,medio,baixa,inaceitavel
medio,baixo,5mais,5mais,medio,media,bom
medio,baixo,5mais,5mais,medio,alta,muitobom
medio,baixo,5mais,5mais,grande,baixa,inaceitavel
medio,baixo,5mais,5mais,grande,media,bom
medio,baixo,5mais,5mais,grande,alta,muitobom
baixo,muitoalto,2,2,pequeno,baixa,inaceitavel
baixo,muitoalto,2,2,pequeno,media,inaceitavel
baixo,muitoalto,2,2,pequeno,alta,inaceitavel
baixo,muitoalto,2,2,medio,baixa,inaceitavel
baixo,muitoalto,2,2,medio,media,inaceitavel
baixo,muitoalto,2,2,medio,alta,inaceitavel
baixo,muitoalto,2,2,grande,baixa,inaceitavel
baixo,muitoalto,2,2,grande,media,inaceitavel
baixo,muitoalto,2,2,grande,alta,inaceitavel
baixo,muitoalto,2,4,pequeno,baixa,inaceitavel
baixo,muitoalto,2,4,pequeno,media,inaceitavel
baixo,muitoalto,2,4,pequeno,alta,aceitavel
baixo,muitoalto,2,4,medio,baixa,inaceitavel
baixo,muitoalto,2,4,medio,media,inaceitavel
baixo,muitoalto,2,4,medio,alta,aceitavel
baixo,muitoalto,2,4,grande,baixa,inaceitavel
baixo,muitoalto,2,4,grande,media,aceitavel
baixo,muitoalto,2,4,grande,alta,aceitavel
baixo,muitoalto,2,5mais,pequeno,baixa,inaceitavel
baixo,muitoalto,2,5mais,pequeno,media,inaceitavel
baixo,muitoalto,2,5mais,pequeno,alta,inaceitavel
baixo,muitoalto,2,5mais,medio,baixa,inaceitavel
baixo,muitoalto,2,5mais,medio,media,inaceitavel
baixo,muitoalto,2,5mais,medio,alta,aceitavel
baixo,muitoalto,2,5mais,grande,baixa,inaceitavel
baixo,muitoalto,2,5mais,grande,media,aceitavel
baixo,muitoalto,2,5mais,grande,alta,aceitavel
baixo,muitoalto,3,2,pequeno,baixa,inaceitavel
baixo,muitoalto,3,2,pequeno,media,inaceitavel
baixo,muitoalto,3,2,pequeno,alta,inaceitavel
baixo,muitoalto,3,2,medio,baixa,inaceitavel
baixo,muitoalto,3,2,medio,media,inaceitavel
baixo,muitoalto,3,2,medio,alta,inaceitavel
baixo,muitoalto,3,2,grande,baixa,inaceitavel
baixo,muitoalto,3,2,grande,media,inaceitavel
baixo,muitoalto,3,2,grande,alta,inaceitavel
baixo,muitoalto,3,4,pequeno,baixa,inaceitavel
baixo,muitoalto,3,4,pequeno,media,inaceitavel
baixo,muitoalto,3,4,pequeno,alta,aceitavel
baixo,muitoalto,3,4,medio,baixa,inaceitavel
baixo,muitoalto,3,4,medio,media,inaceitavel
baixo,muitoalto,3,4,medio,alta,aceitavel
baixo,muitoalto,3,4,grande,baixa,inaceitavel
baixo,muitoalto,3,4,grande,media,aceitavel
baixo,muitoalto,3,4,grande,alta,aceitavel
baixo,muitoalto,3,5mais,pequeno,baixa,inaceitavel
baixo,muitoalto,3,5mais,pequeno,media,inaceitavel
baixo,muitoalto,3,5mais,pequeno,alta,aceitavel
baixo,muitoalto,3,5mais,medio,baixa,inaceitavel
baixo,muitoalto,3,5mais,medio,media,aceitavel
baixo,muitoalto,3,5mais,medio,alta,aceitavel
baixo,muitoalto,3,5mais,grande,baixa,inaceitavel
baixo,muitoalto,3,5mais,grande,media,aceitavel
baixo,muitoalto,3,5mais,grande,alta,aceitavel
baixo,muitoalto,4,2,pequeno,baixa,inaceitavel
baixo,muitoalto,4,2,pequeno,media,inaceitavel
baixo,muitoalto,4,2,pequeno,alta,inaceitavel
baixo,muitoalto,4,2,medio,baixa,inaceitavel
baixo,muitoalto,4,2,medio,media,inaceitavel
baixo,muitoalto,4,2,medio,alta,inaceitavel
baixo,muitoalto,4,2,grande,baixa,inaceitavel
baixo,muitoalto,4,2,grande,media,inaceitavel
baixo,muitoalto,4,2,grande,alta,inaceitavel
baixo,muitoalto,4,4,pequeno,baixa,inaceitavel
baixo,muitoalto,4,4,pequeno,media,inaceitavel
baixo,muitoalto,4,4,pequeno,alta,aceitavel
baixo,muitoalto,4,4,medio,baixa,inaceitavel
baixo,muitoalto,4,4,medio,media,aceitavel
baixo,muitoalto,4,4,medio,alta,aceitavel
baixo,muitoalto,4,4,grande,baixa,inaceitavel
baixo,muitoalto,4,4,grande,media,aceitavel
baixo,muitoalto,4,4,grande,alta,aceitavel
baixo,muitoalto,4,5mais,pequeno,baixa,inaceitavel
baixo,muitoalto,4,5mais,pequeno,media,inaceitavel
baixo,muitoalto,4,5mais,pequeno,alta,aceitavel
baixo,muitoalto,4,5mais,medio,baixa,inaceitavel
baixo,muitoalto,4,5mais,medio,media,aceitavel
baixo,muitoalto,4,5mais,medio,alta,aceitavel
baixo,muitoalto,4,5mais,grande,baixa,inaceitavel
baixo,muitoalto,4,5mais,grande,media,aceitavel
baixo,muitoalto,4,5mais,grande,alta,aceitavel
baixo,muitoalto,5mais,2,pequeno,baixa,inaceitavel
baixo,muitoalto,5mais,2,pequeno,media,inaceitavel
baixo,muitoalto,5mais,2,pequeno,alta,inaceitavel
baixo,muitoalto,5mais,2,medio,baixa,inaceitavel
baixo,muitoalto,5mais,2,medio,media,inaceitavel
baixo,muitoalto,5mais,2,medio,alta,inaceitavel
baixo,muitoalto,5mais,2,grande,baixa,inaceitavel
baixo,muitoalto,5mais,2,grande,media,inaceitavel
baixo,muitoalto,5mais,2,grande,alta,inaceitavel
baixo,muitoalto,5mais,4,pequeno,baixa,inaceitavel
baixo,muitoalto,5mais,4,pequeno,media,inaceitavel
baixo,muitoalto,5mais,4,pequeno,alta,aceitavel
baixo,muitoalto,5mais,4,medio,baixa,inaceitavel
baixo,muitoalto,5mais,4,medio,media,aceitavel
baixo,muitoalto,5mais,4,medio,alta,aceitavel
baixo,muitoalto,5mais,4,grande,baixa,inaceitavel
baixo,muitoalto,5mais,4,grande,media,aceitavel
baixo,muitoalto,5mais,4,grande,alta,aceitavel
baixo,muitoalto,5mais,5mais,pequeno,baixa,inaceitavel
baixo,muitoalto,5mais,5mais,pequeno,media,inaceitavel
baixo,muitoalto,5mais,5mais,pequeno,alta,aceitavel
baixo,muitoalto,5mais,5mais,medio,baixa,inaceitavel
baixo,muitoalto,5mais,5mais,medio,media,aceitavel
baixo,muitoalto,5mais,5mais,medio,alta,aceitavel
baixo,muitoalto,5mais,5mais,grande,baixa,inaceitavel
baixo,muitoalto,5mais,5mais,grande,media,aceitavel
baixo,muitoalto,5mais,5mais,grande,alta,aceitavel
baixo,alto,2,2,pequeno,baixa,inaceitavel
baixo,alto,2,2,pequeno,media,inaceitavel
baixo,alto,2,2,pequeno,alta,inaceitavel
baixo,alto,2,2,medio,baixa,inaceitavel
baixo,alto,2,2,medio,media,inaceitavel
baixo,alto,2,2,medio,alta,inaceitavel
baixo,alto,2,2,grande,baixa,inaceitavel
baixo,alto,2,2,grande,media,inaceitavel
baixo,alto,2,2,grande,alta,inaceitavel
baixo,alto,2,4,pequeno,baixa,inaceitavel
baixo,alto,2,4,pequeno,media,aceitavel
baixo,alto,2,4,pequeno,alta,aceitavel
baixo,alto,2,4,medio,baixa,inaceitavel
baixo,alto,2,4,medio,media,aceitavel
baixo,alto,2,4,medio,alta,aceitavel
baixo,alto,2,4,grande,baixa,inaceitavel
baixo,alto,2,4,grande,media,aceitavel
baixo,alto,2,4,grande,alta,muitobom
baixo,alto,2,5mais,pequeno,baixa,inaceitavel
baixo,alto,2,5mais,pequeno,media,inaceitavel
baixo,alto,2,5mais,pequeno,alta,inaceitavel
baixo,alto,2,5mais,medio,baixa,inaceitavel
baixo,alto,2,5mais,medio,media,aceitavel
baixo,alto,2,5mais,medio,alta,aceitavel
baixo,alto,2,5mais,grande,baixa,inaceitavel
baixo,alto,2,5mais,grande,media,aceitavel
baixo,alto,2,5mais,grande,alta,muitobom
baixo,alto,3,2,pequeno,baixa,inaceitavel
baixo,alto,3,2,pequeno,media,inaceitavel
baixo,alto,3,2,pequeno,alta,inaceitavel
baixo,alto,3,2,medio,baixa,inaceitavel
baixo,alto,3,2,medio,media,inaceitavel
baixo,alto,3,2,medio,alta,inaceitavel
baixo,alto,3,2,grande,baixa,inaceitavel
baixo,alto,3,2,grande,media,inaceitavel
baixo,alto,3,2,grande,alta,inaceitavel
baixo,alto,3,4,pequeno,baixa,inaceitavel
baixo,alto,3,4,pequeno,media,aceitavel
baixo,alto,3,4,pequeno,alta,aceitavel
baixo,alto,3,4,medio,baixa,inaceitavel
baixo,alto,3,4,medio,media,aceitavel
baixo,alto,3,4,medio,alta,aceitavel
baixo,alto,3,4,grande,baixa,inaceitavel
baixo,alto,3,4,grande,media,aceitavel
baixo,alto,3,4,grande,alta,muitobom
baixo,alto,3,5mais,pequeno,baixa,inaceitavel
baixo,alto,3,5mais,pequeno,media,aceitavel
baixo,alto,3,5mais,pequeno,alta,aceitavel
baixo,alto,3,5mais,medio,baixa,inaceitavel
baixo,alto,3,5mais,medio,media,aceitavel
baixo,alto,3,5mais,medio,alta,muitobom
baixo,alto,3,5mais,grande,baixa,inaceitavel
baixo,alto,3,5mais,grande,media,aceitavel
baixo,alto,3,5mais,grande,alta,muitobom
baixo,alto,4,2,pequeno,baixa,inaceitavel
baixo,alto,4,2,pequeno,media,inaceitavel
baixo,alto,4,2,pequeno,alta,inaceitavel
baixo,alto,4,2,medio,baixa,inaceitavel
baixo,alto,4,2,medio,media,inaceitavel
baixo,alto,4,2,medio,alta,inaceitavel
baixo,alto,4,2,grande,baixa,inaceitavel
baixo,alto,4,2,grande,media,inaceitavel
baixo,alto,4,2,grande,alta,inaceitavel
baixo,alto,4,4,pequeno,baixa,inaceitavel
baixo,alto,4,4,pequeno,media,aceitavel
baixo,alto,4,4,pequeno,alta,aceitavel
baixo,alto,4,4,medio,baixa,inaceitavel
baixo,alto,4,4,medio,media,aceitavel
baixo,alto,4,4,medio,alta,muitobom
baixo,alto,4,4,grande,baixa,inaceitavel
baixo,alto,4,4,grande,media,aceitavel
baixo,alto,4,4,grande,alta,muitobom
baixo,alto,4,5mais,pequeno,baixa,inaceitavel
baixo,alto,4,5mais,pequeno,media,aceitavel
baixo,alto,4,5mais,pequeno,alta,aceitavel
baixo,alto,4,5mais,medio,baixa,inaceitavel
baixo,alto,4,5mais,medio,media,aceitavel
baixo,alto,4,5mais,medio,alta,muitobom
baixo,alto,4,5mais,grande,baixa,inaceitavel
baixo,alto,4,5mais,grande,media,aceitavel
baixo,alto,4,5mais,grande,alta,muitobom
baixo,alto,5mais,2,pequeno,baixa,inaceitavel
baixo,alto,5mais,2,pequeno,media,inaceitavel
baixo,alto,5mais,2,pequeno,alta,inaceitavel
baixo,alto,5mais,2,medio,baixa,inaceitavel
baixo,alto,5mais,2,medio,media,inaceitavel
baixo,alto,5mais,2,medio,alta,inaceitavel
baixo,alto,5mais,2,grande,baixa,inaceitavel
baixo,alto,5mais,2,grande,media,inaceitavel
baixo,alto,5mais,2,grande,alta,inaceitavel
baixo,alto,5mais,4,pequeno,baixa,inaceitavel
baixo,alto,5mais,4,pequeno,media,aceitavel
baixo,alto,5mais,4,pequeno,alta,aceitavel
baixo,alto,5mais,4,medio,baixa,inaceitavel
baixo,alto,5mais,4,medio,media,aceitavel
baixo,alto,5mais,4,medio,alta,muitobom
baixo,alto,5mais,4,grande,baixa,inaceitavel
baixo,alto,5mais,4,grande,media,aceitavel
baixo,alto,5mais,4,grande,alta,muitobom
baixo,alto,5mais,5mais,pequeno,baixa,inaceitavel
baixo,alto,5mais,5mais,pequeno,media,aceitavel
baixo,alto,5mais,5mais,pequeno,alta,aceitavel
baixo,alto,5mais,5mais,medio,baixa,inaceitavel
baixo,alto,5mais,5mais,medio,media,aceitavel
baixo,alto,5mais,5mais,medio,alta,muitobom
baixo,alto,5mais,5mais,grande,baixa,inaceitavel
baixo,alto,5mais,5mais,grande,media,aceitavel
baixo,alto,5mais,5mais,grande,alta,muitobom
baixo,medio,2,2,pequeno,baixa,inaceitavel
baixo,medio,2,2,pequeno,media,inaceitavel
baixo,medio,2,2,pequeno,alta,inaceitavel
baixo,medio,2,2,medio,baixa,inaceitavel
baixo,medio,2,2,medio,media,inaceitavel
baixo,medio,2,2,medio,alta,inaceitavel
baixo,medio,2,2,grande,baixa,inaceitavel
baixo,medio,2,2,grande,media,inaceitavel
baixo,medio,2,2,grande,alta,inaceitavel
baixo,medio,2,4,pequeno,baixa,inaceitavel
baixo,medio,2,4,pequeno,media,aceitavel
baixo,medio,2,4,pequeno,alta,bom
baixo,medio,2,4,medio,baixa,inaceitavel
baixo,medio,2,4,medio,media,aceitavel
baixo,medio,2,4,medio,alta,bom
baixo,medio,2,4,grande,baixa,inaceitavel
baixo,medio,2,4,grande,media,bom
baixo,medio,2,4,grande,alta,muitobom
baixo,medio,2,5mais,pequeno,baixa,inaceitavel
baixo,medio,2,5mais,pequeno,media,inaceitavel
baixo,medio,2,5mais,pequeno,alta,inaceitavel
baixo,medio,2,5mais,medio,baixa,inaceitavel
baixo,medio,2,5mais,medio,media,aceitavel
baixo,medio,2,5mais,medio,alta,bom
baixo,medio,2,5mais,grande,baixa,inaceitavel
baixo,medio,2,5mais,grande,media,bom
baixo,medio,2,5mais,grande,alta,muitobom
baixo,medio,3,2,pequeno,baixa,inaceitavel
baixo,medio,3,2,pequeno,media,inaceitavel
baixo,medio,3,2,pequeno,alta,inaceitavel
baixo,medio,3,2,medio,baixa,inaceitavel
baixo,medio,3,2,medio,media,inaceitavel
baixo,medio,3,2,medio,alta,inaceitavel
baixo,medio,3,2,grande,baixa,inaceitavel
baixo,medio,3,2,grande,media,inaceitavel
baixo,medio,3,2,grande,alta,inaceitavel
baixo,medio,3,4,pequeno,baixa,inaceitavel
baixo,medio,3,4,pequeno,media,aceitavel
baixo,medio,3,4,pequeno,alta,bom
baixo,medio,3,4,medio,baixa,inaceitavel
baixo,medio,3,4,medio,media,aceitavel
baixo,medio,3,4,medio,alta,bom
baixo,medio,3,4,grande,baixa,inaceitavel
baixo,medio,3,4,grande,media,bom
baixo,medio,3,4,grande,alta,muitobom
baixo,medio,3,5mais,pequeno,baixa,inaceitavel
baixo,medio,3,5mais,pequeno,media,aceitavel
baixo,medio,3,5mais,pequeno,alta,bom
baixo,medio,3,5mais,medio,baixa,inaceitavel
baixo,medio,3,5mais,medio,media,bom
baixo,medio,3,5mais,medio,alta,muitobom
baixo,medio,3,5mais,grande,baixa,inaceitavel
baixo,medio,3,5mais,grande,media,bom
baixo,medio,3,5mais,grande,alta,muitobom
baixo,medio,4,2,pequeno,baixa,inaceitavel
baixo,medio,4,2,pequeno,media,inaceitavel
baixo,medio,4,2,pequeno,alta,inaceitavel
baixo,medio,4,2,medio,baixa,inaceitavel
baixo,medio,4,2,medio,media,inaceitavel
baixo,medio,4,2,medio,alta,inaceitavel
baixo,medio,4,2,grande,baixa,inaceitavel
baixo,medio,4,2,grande,media,inaceitavel
baixo,medio,4,2,grande,alta,inaceitavel
baixo,medio,4,4,pequeno,baixa,inaceitavel
baixo,medio,4,4,pequeno,media,aceitavel
baixo,medio,4,4,pequeno,alta,bom
baixo,medio,4,4,medio,baixa,inaceitavel
baixo,medio,4,4,medio,media,bom
baixo,medio,4,4,medio,alta,muitobom
baixo,medio,4,4,grande,baixa,inaceitavel
baixo,medio,4,4,grande,media,bom
baixo,medio,4,4,grande,alta,muitobom
baixo,medio,4,5mais,pequeno,baixa,inaceitavel
baixo,medio,4,5mais,pequeno,media,aceitavel
baixo,medio,4,5mais,pequeno,alta,bom
baixo,medio,4,5mais,medio,baixa,inaceitavel
baixo,medio,4,5mais,medio,media,bom
baixo,medio,4,5mais,medio,alta,muitobom
baixo,medio,4,5mais,grande,baixa,inaceitavel
baixo,medio,4,5mais,grande,media,bom
baixo,medio,4,5mais,grande,alta,muitobom
baixo,medio,5mais,2,pequeno,baixa,inaceitavel
baixo,medio,5mais,2,pequeno,media,inaceitavel
baixo,medio,5mais,2,pequeno,alta,inaceitavel
baixo,medio,5mais,2,medio,baixa,inaceitavel
baixo,medio,5mais,2,medio,media,inaceitavel
baixo,medio,5mais,2,medio,alta,inaceitavel
baixo,medio,5mais,2,grande,baixa,inaceitavel
baixo,medio,5mais,2,grande,media,inaceitavel
baixo,medio,5mais,2,grande,alta,inaceitavel
baixo,medio,5mais,4,pequeno,baixa,inaceitavel
baixo,medio,5mais,4,pequeno,media,aceitavel
baixo,medio,5mais,4,pequeno,alta,bom
baixo,medio,5mais,4,medio,baixa,inaceitavel
baixo,medio,5mais,4,medio,media,bom
baixo,medio,5mais,4,medio,alta,muitobom
baixo,medio,5mais,4,grande,baixa,inaceitavel
baixo,medio,5mais,4,grande,media,bom
baixo,medio,5mais,4,grande,alta,muitobom
baixo,medio,5mais,5mais,pequeno,baixa,inaceitavel
baixo,medio,5mais,5mais,pequeno,media,aceitavel
baixo,medio,5mais,5mais,pequeno,alta,bom
baixo,medio,5mais,5mais,medio,baixa,inaceitavel
baixo,medio,5mais,5mais,medio,media,bom
baixo,medio,5mais,5mais,medio,alta,muitobom
baixo,medio,5mais,5mais,grande,baixa,inaceitavel
baixo,medio,5mais,5mais,grande,media,bom
baixo,medio,5mais,5mais,grande,alta,muitobom
baixo,baixo,2,2,pequeno,baixa,inaceitavel
baixo,baixo,2,2,pequeno,media,inaceitavel
baixo,baixo,2,2,pequeno,alta,inaceitavel
baixo,baixo,2,2,medio,baixa,inaceitavel
baixo,baixo,2,2,medio,media,inaceitavel
baixo,baixo,2,2,medio,alta,inaceitavel
baixo,baixo,2,2,grande,baixa,inaceitavel
baixo,baixo,2,2,grande,media,inaceitavel
baixo,baixo,2,2,grande,alta,inaceitavel
baixo,baixo,2,4,pequeno,baixa,inaceitavel
baixo,baixo,2,4,pequeno,media,aceitavel
baixo,baixo,2,4,pequeno,alta,bom
baixo,baixo,2,4,medio,baixa,inaceitavel
baixo,baixo,2,4,medio,media,aceitavel
baixo,baixo,2,4,medio,alta,bom
baixo,baixo,2,4,grande,baixa,inaceitavel
baixo,baixo,2,4,grande,media,bom
baixo,baixo,2,4,grande,alta,muitobom
baixo,baixo,2,5mais,pequeno,baixa,inaceitavel
baixo,baixo,2,5mais,pequeno,media,inaceitavel
baixo,baixo,2,5mais,pequeno,alta,inaceitavel
baixo,baixo,2,5mais,medio,baixa,inaceitavel
baixo,baixo,2,5mais,medio,media,aceitavel
baixo,baixo,2,5mais,medio,alta,bom
baixo,baixo,2,5mais,grande,baixa,inaceitavel
baixo,baixo,2,5mais,grande,media,bom
baixo,baixo,2,5mais,grande,alta,muitobom
baixo,baixo,3,2,pequeno,baixa,inaceitavel
baixo,baixo,3,2,pequeno,media,inaceitavel
baixo,baixo,3,2,pequeno,alta,inaceitavel
baixo,baixo,3,2,medio,baixa,inaceitavel
baixo,baixo,3,2,medio,media,inaceitavel
baixo,baixo,3,2,medio,alta,inaceitavel
baixo,baixo,3,2,grande,baixa,inaceitavel
baixo,baixo,3,2,grande,media,inaceitavel
baixo,baixo,3,2,grande,alta,inaceitavel
baixo,baixo,3,4,pequeno,baixa,inaceitavel
baixo,baixo,3,4,pequeno,media,aceitavel
baixo,baixo,3,4,pequeno,alta,bom
baixo,baixo,3,4,medio,baixa,inaceitavel
baixo,baixo,3,4,medio,media,aceitavel
baixo,baixo,3,4,medio,alta,bom
baixo,baixo,3,4,grande,baixa,inaceitavel
baixo,baixo,3,4,grande,media,bom
baixo,baixo,3,4,grande,alta,muitobom
baixo,baixo,3,5mais,pequeno,baixa,inaceitavel
baixo,baixo,3,5mais,pequeno,media,aceitavel
baixo,baixo,3,5mais,pequeno,alta,bom
baixo,baixo,3,5mais,medio,baixa,inaceitavel
baixo,baixo,3,5mais,medio,media,bom
baixo,baixo,3,5mais,medio,alta,muitobom
baixo,baixo,3,5mais,grande,baixa,inaceitavel
baixo,baixo,3,5mais,grande,media,bom
baixo,baixo,3,5mais,grande,alta,muitobom
baixo,baixo,4,2,pequeno,baixa,inaceitavel
baixo,baixo,4,2,pequeno,media,inaceitavel
baixo,baixo,4,2,pequeno,alta,inaceitavel
baixo,baixo,4,2,medio,baixa,inaceitavel
baixo,baixo,4,2,medio,media,inaceitavel
baixo,baixo,4,2,medio,alta,inaceitavel
baixo,baixo,4,2,grande,baixa,inaceitavel
baixo,baixo,4,2,grande,media,inaceitavel
baixo,baixo,4,2,grande,alta,inaceitavel
baixo,baixo,4,4,pequeno,baixa,inaceitavel
baixo,baixo,4,4,pequeno,media,aceitavel
baixo,baixo,4,4,pequeno,alta,bom
baixo,baixo,4,4,medio,baixa,inaceitavel
baixo,baixo,4,4,medio,media,bom
baixo,baixo,4,4,medio,alta,muitobom
baixo,baixo,4,4,grande,baixa,inaceitavel
baixo,baixo,4,4,grande,media,bom
baixo,baixo,4,4,grande,alta,muitobom
baixo,baixo,4,5mais,pequeno,baixa,inaceitavel
baixo,baixo,4,5mais,pequeno,media,aceitavel
baixo,baixo,4,5mais,pequeno,alta,bom
baixo,baixo,4,5mais,medio,baixa,inaceitavel
baixo,baixo,4,5mais,medio,media,bom
baixo,baixo,4,5mais,medio,alta,muitobom
baixo,baixo,4,5mais,grande,baixa,inaceitavel
baixo,baixo,4,5mais,grande,media,bom
baixo,baixo,4,5mais,grande,alta,muitobom
baixo,baixo,5mais,2,pequeno,baixa,inaceitavel
baixo,baixo,5mais,2,pequeno,media,inaceitavel
baixo,baixo,5mais,2,pequeno,alta,inaceitavel
baixo,baixo,5mais,2,medio,baixa,inaceitavel
baixo,baixo,5mais,2,medio,media,inaceitavel
baixo,baixo,5mais,2,medio,alta,inaceitavel
baixo,baixo,5mais,2,grande,baixa,inaceitavel
baixo,baixo,5mais,2,grande,media,inaceitavel
baixo,baixo,5mais,2,grande,alta,inaceitavel
baixo,baixo,5mais,4,pequeno,baixa,inaceitavel
baixo,baixo,5mais,4,pequeno,media,aceitavel
baixo,baixo,5mais,4,pequeno,alta,bom
baixo,baixo,5mais,4,medio,baixa,inaceitavel
baixo,baixo,5mais,4,medio,media,bom
baixo,baixo,5mais,4,medio,alta,muitobom
baixo,baixo,5mais,4,grande,baixa,inaceitavel
baixo,baixo,5mais,4,grande,media,bom
baixo,baixo,5mais,4,grande,alta,muitobom
baixo,baixo,5mais,5mais,pequeno,baixa,inaceitavel
baixo,baixo,5mais,5mais,pequeno,media,aceitavel
baixo,baixo,5mais,5mais,pequeno,alta,bom
baixo,baixo,5mais,5mais,medio,baixa,inaceitavel
baixo,baixo,5mais,5mais,medio,media,bom
baixo,baixo,5mais,5mais,medio,alta,muitobom
baixo,baixo,5mais,5mais,grande,baixa,inaceitavel
baixo,baixo,5mais,5mais,grande,media,bom
baixo,baixo,5mais,5mais,grande,alta,muitobom
